Date,High,Low,Open,Volume,Adj Close
2021-01-04,267.58,260.16,267.0,3572043.0,265.0
2021-01-05,273.5,262.57,263.88,4207081.0,270.93
2021-01-06,288.38,273.1,276.29,6383530.0,285.55
2021-01-07,295.8894,286.68,287.77,4009730.0,291.65
2021-01-08,292.28,285.06,292.0,2800784.0,290.08
2021-01-11,295.0,284.2,286.8,2650134.0,293.83
2021-01-12,303.98,296.02,297.14,4814362.0,302.21
2021-01-13,303.72,299.1,300.08,2413821.0,302.94
2021-01-14,309.41,303.54,304.05,3192169.0,307.87
2021-01-15,304.86,296.88,301.19,3863723.0,301.01
2021-01-19,306.6,293.8031,305.0,6727794.0,294.2
2021-01-20,297.45,287.48,295.82,4792644.0,290.47
2021-01-21,292.74,288.53,290.45,2517753.0,289.37
2021-01-22,290.59,285.5,286.69,2568757.0,289.39
2021-01-25,286.35,277.5,285.53,4575007.0,283.04
2021-01-26,285.77,280.08,283.93,3296846.0,281.76
2021-01-27,277.37,271.3201,276.0,3891838.0,273.33
2021-01-28,279.83,271.33,274.61,3778696.0,275.02
2021-01-29,277.4,270.62,274.27,3411974.0,271.17
2021-02-01,276.8,272.0,272.66,2324088.0,274.73
2021-02-02,288.25,278.0,278.32,5195520.0,286.97
2021-02-03,289.81,285.1801,286.61,2712770.0,288.55
2021-02-04,295.83,289.525,290.0,2994699.0,293.75
2021-02-05,297.24,292.1901,295.0,2938134.0,293.5
2021-02-08,300.89,294.5,295.0,2826173.0,300.15
2021-02-09,302.45,297.7,299.6,2071700.0,300.46
2021-02-10,305.18,297.75,300.0,3213655.0,304.28
2021-02-11,305.01,299.1718,303.98,2159868.0,302.32
2021-02-12,306.7,301.77,301.99,1977298.0,306.32
2021-02-16,312.92,309.2233,310.0,2792198.0,311.96
2021-02-17,314.98,308.7613,310.03,2464414.0,312.74
2021-02-18,314.5,307.5841,309.22,2095144.0,309.9
2021-02-19,316.78,310.23,310.23,2749542.0,315.62
2021-02-22,320.56,312.21,313.0,3162272.0,316.87
2021-02-23,320.0,310.58,317.98,2942528.0,319.21
2021-02-24,330.97,320.095,320.17,3934425.0,330.64
2021-02-25,335.8131,326.29,333.325,4137158.0,327.76
2021-02-26,328.68,319.04,325.77,3732221.0,319.48
2021-03-01,331.04,323.31,325.0,2959050.0,329.92
2021-03-02,336.19,329.51,330.0,2850325.0,330.94
2021-03-03,340.1,333.25,333.68,3606299.0,334.43
2021-03-04,339.76,323.92,333.13,3647614.0,329.29
2021-03-05,335.58,316.465,335.58,3740398.0,327.37
2021-03-08,337.59,329.1,331.36,2997991.0,334.19
2021-03-09,336.39,325.57,328.62,3324825.0,330.59
2021-03-10,342.4,331.53,332.07,3153109.0,342.02
2021-03-11,345.0,336.46,338.66,2756559.0,342.1
2021-03-12,350.0,343.64,345.22,2436744.0,348.81
2021-03-15,352.42,342.0,349.44,2277831.0,346.05
2021-03-16,346.9,337.75,345.28,2332558.0,341.71
2021-03-17,347.03,340.4001,344.62,2710906.0,344.95
2021-03-18,356.85,346.99,350.75,3715240.0,348.0
2021-03-19,347.24,340.63,346.42,3512961.0,344.2
2021-03-22,342.88,336.0,341.06,2094548.0,339.33
2021-03-23,341.8885,331.33,337.62,2457544.0,331.77
2021-03-24,336.94,328.44,333.42,3332168.0,328.65
2021-03-25,331.39,321.92,327.35,2804721.0,330.55
2021-03-26,335.45,322.69,334.51,3082556.0,327.39
2021-03-29,327.76,317.72,320.35,4533245.0,325.73
2021-03-30,335.75,328.85,329.41,2717270.0,332.01
2021-03-31,332.65,325.44,330.23,2624540.0,327.0
2021-04-01,329.66,324.16,324.3,2658951.0,327.64
2021-04-05,332.85,323.05,332.85,3234998.0,323.54
2021-04-06,328.54,324.0,324.49,1801975.0,327.06
2021-04-07,329.2,323.35,327.7,2157335.0,326.55
2021-04-08,331.49,322.9652,324.29,2402755.0,331.14
2021-04-09,334.9,328.79,334.0,2347149.0,330.81
2021-04-12,334.48,329.94,332.67,2318780.0,331.84
2021-04-13,330.05,324.18,329.51,3575907.0,327.68
2021-04-14,344.4694,326.15,328.55,9876753.0,335.35
2021-04-15,341.35,334.54,338.9,4354775.0,338.55
2021-04-16,343.74,338.62,340.29,4231858.0,342.31
2021-04-19,344.43,336.6,340.0,3228160.0,343.09
2021-04-20,340.47,329.35,339.97,3662274.0,331.88
2021-04-21,335.47,327.56,330.0,2733251.0,335.27
2021-04-22,336.97,330.29,334.62,2165200.0,330.85
2021-04-23,340.67,330.72,331.25,2165370.0,339.35
2021-04-26,345.9,340.89,341.94,2171458.0,343.52
2021-04-27,347.55,343.66,344.0,2088604.0,346.63
2021-04-28,350.12,346.09,348.0,2140875.0,348.11
2021-04-29,353.83,347.48,350.55,2584423.0,352.97
2021-04-30,352.8197,347.2,351.12,2101069.0,348.45
2021-05-03,354.0599,349.26,350.34,1871653.0,350.16
2021-05-04,351.78,342.57,348.9,2831390.0,349.84
2021-05-05,359.14,348.55,352.0,2657577.0,357.62
2021-05-06,366.3,356.5001,359.77,3048665.0,365.97
2021-05-07,371.65,360.93,362.3,3378112.0,370.89
2021-05-10,376.98,368.5,373.5,3396306.0,368.68
2021-05-11,368.63,358.62,363.0,3734339.0,359.92
2021-05-12,368.13,353.2712,363.07,3309798.0,354.4
2021-05-13,360.885,353.25,353.25,2674804.0,358.81
2021-05-14,369.51,361.7,362.0,2732312.0,368.77
2021-05-17,370.7,364.5,367.78,1826125.0,369.25
2021-05-18,373.08,364.0,371.38,2018638.0,364.56
2021-05-19,360.0,353.9319,360.0,3695975.0,358.38
2021-05-20,361.95,353.35,358.98,1919583.0,359.78
2021-05-21,367.14,360.51,361.49,2657548.0,366.26
2021-05-24,369.72,365.51,367.32,1818182.0,368.29
2021-05-25,373.7696,364.09,369.912,2630979.0,364.51
2021-05-26,368.79,361.91,365.0,2121254.0,367.4
2021-05-27,373.5487,367.3,371.33,3897048.0,371.37
2021-05-28,373.07,368.26,372.0,2170561.0,372.02
2021-06-01,383.36,376.31,377.7,3644004.0,382.44
2021-06-02,384.665,379.37,383.33,2809704.0,383.44
2021-06-03,391.25,380.1349,382.25,3003860.0,388.72
2021-06-04,392.05,386.32,389.68,2514077.0,391.45
2021-06-07,393.2603,387.55,393.0,2188724.0,388.16
2021-06-08,386.4799,382.22,385.79,2452596.0,384.7
2021-06-09,384.27,378.88,383.16,2026166.0,382.78
2021-06-10,389.64,372.345,389.64,3900798.0,373.94
2021-06-11,378.75,375.11,375.7,2117305.0,378.05
2021-06-14,378.75,370.7,377.43,2560497.0,372.92
2021-06-15,374.84,367.16,373.5,2302905.0,371.3
2021-06-16,374.0788,365.25,370.99,3264194.0,371.0
2021-06-17,373.52,356.55,373.52,4146348.0,361.5
2021-06-18,358.38,348.125,356.52,6290084.0,348.83
2021-06-21,357.97,351.04,352.89,2717264.0,357.54
2021-06-22,359.88,352.64,357.0,1870813.0,357.53
2021-06-23,362.48,357.66,358.79,1713116.0,361.05
2021-06-24,370.88,362.78,363.0,2716625.0,368.75
2021-06-25,371.1499,364.54,368.82,2782436.0,368.77
2021-06-28,368.87,363.86,367.8,1833383.0,368.71
2021-06-29,378.09,370.7495,374.86,2365932.0,372.62
2021-06-30,380.11,370.9,370.9,2238381.0,379.53
2021-07-01,381.64,374.145,380.7,2571040.0,374.99
2021-07-02,376.6,372.42,376.31,1599595.0,374.16
2021-07-06,373.6313,365.405,373.23,2162885.0,369.86
2021-07-07,370.09,362.18,367.5,2012801.0,367.67
2021-07-08,362.89,355.5915,359.69,2940514.0,358.94
2021-07-09,372.15,364.95,366.0,2641825.0,371.76
2021-07-12,384.0,367.33,370.31,4135949.0,380.5
2021-07-13,385.33,372.01,381.06,6466774.0,375.98
2021-07-14,381.77,371.39,378.75,3295722.0,374.4
2021-07-15,378.75,370.57,371.24,2183883.0,373.35
2021-07-16,374.93,363.83,374.93,2583278.0,364.8
2021-07-19,355.19,349.0,354.0,4394635.0,354.72
2021-07-20,367.31,351.54,352.27,2937859.0,364.76
2021-07-21,374.9,367.93,368.04,2398848.0,373.5
2021-07-22,373.6938,368.45,372.3,1887130.0,372.71
2021-07-23,378.0,371.38,374.59,1707088.0,374.05
2021-07-26,376.6773,373.11,373.18,1559134.0,375.9
2021-07-27,375.14,369.22,372.5,1791771.0,374.84
2021-07-28,377.44,372.34,375.81,1668941.0,374.23
2021-07-29,379.51,374.81,377.03,1296615.0,377.55
2021-07-30,379.95,373.06,376.57,1474985.0,374.88
2021-08-02,386.93,375.75,376.17,2383212.0,378.19
2021-08-03,381.31,371.77,380.25,1494566.0,380.36
2021-08-04,382.6533,375.76,378.48,1460508.0,377.86
2021-08-05,384.31,379.95,380.15,1583780.0,384.3
2021-08-06,398.8599,388.64,388.88,3655764.0,397.89
2021-08-09,404.6,393.58,396.59,3319120.0,399.88
2021-08-10,410.63,399.5,400.12,3152266.0,407.97
2021-08-11,414.68,407.06,408.8,3000518.0,413.89
2021-08-12,418.62,410.56,414.38,2318873.0,415.0
2021-08-13,416.89,408.18,416.0,1980037.0,410.78
2021-08-16,408.99,402.15,408.99,1591335.0,408.35
2021-08-17,408.35,400.2,403.84,2077398.0,404.97
2021-08-18,406.11,398.59,402.6,2187776.0,398.8
2021-08-19,397.7337,390.91,394.6,2241689.0,393.57
2021-08-20,396.45,391.0,391.49,1612127.0,395.87
2021-08-23,404.1,399.0,401.89,1857603.0,401.45
2021-08-24,409.66,402.7,403.59,1958368.0,408.56
2021-08-25,416.68,408.94,409.9,1845260.0,413.12
2021-08-26,420.7297,411.1617,415.88,2076546.0,412.41
2021-08-27,419.85,412.5,412.78,2174684.0,419.69
2021-08-30,420.7599,412.715,419.95,2089407.0,413.6
2021-08-31,414.86,408.76,412.11,1958083.0,413.51
2021-09-01,416.11,410.31,413.16,1680365.0,413.66
2021-09-02,417.5786,412.64,415.11,1832271.0,414.5
2021-09-03,415.1199,410.6,414.0,1374128.0,411.31
2021-09-07,414.73,409.64,411.0,1558500.0,410.32
2021-09-08,410.98,404.7,409.22,1646164.0,405.0
2021-09-09,408.8799,403.51,404.67,2424949.0,404.58
2021-09-10,409.79,403.16,408.0,1955994.0,403.48
2021-09-13,409.37,403.8,407.41,1802781.0,409.26
2021-09-14,417.01,402.78,410.3,3263151.0,403.69
2021-09-15,403.61,396.21,398.0,3199766.0,401.95
2021-09-16,405.98,394.89,404.52,2882949.0,396.68
2021-09-17,399.16,388.83,396.32,3845123.0,391.46
2021-09-20,380.86,372.5,377.82,3834484.0,378.13
2021-09-21,381.5,374.08,380.85,2377286.0,375.84
2021-09-22,389.29,379.71,380.8,2991275.0,385.47
2021-09-23,393.74,388.18,390.39,2517987.0,391.86
2021-09-24,392.49,388.6,390.47,1789664.0,390.85
2021-09-27,401.0,395.18,396.58,2788509.0,399.81
2021-09-28,404.21,388.39,400.45,2608961.0,389.5
2021-09-29,392.39,384.3,390.68,1955033.0,384.89
2021-09-30,388.02,376.62,388.0,2668590.0,378.03
2021-10-01,382.72,375.845,379.44,2382303.0,380.0
2021-10-04,386.87,372.82,380.21,2895551.0,374.15
2021-10-05,388.22,375.5,378.1,2508430.0,385.81
2021-10-06,389.55,378.66,382.38,2111769.0,388.05
2021-10-07,397.85,389.76,392.91,2348003.0,390.62
2021-10-08,394.31,388.18,390.83,1446728.0,392.81
2021-10-11,396.95,385.02,392.9,1787360.0,385.24
2021-10-12,388.59,381.02,386.22,2088229.0,386.53
2021-10-13,388.3809,378.625,388.0,2392607.0,386.31
2021-10-14,393.66,382.2,392.0,3380905.0,391.2
2021-10-15,407.272,396.34,402.31,6451387.0,406.07
2021-10-18,415.94,407.6,408.01,3832324.0,413.69
2021-10-19,415.85,409.69,415.18,2568325.0,412.16
2021-10-20,414.33,406.195,411.0,2453437.0,407.89
2021-10-21,412.66,404.615,406.8,2162127.0,407.59
2021-10-22,415.36,409.1,409.99,2411032.0,414.32
2021-10-25,419.49,413.27,416.21,1824667.0,414.75
2021-10-26,419.81,413.76,416.37,1843341.0,417.61
2021-10-27,418.06,410.55,416.55,2067219.0,410.99
2021-10-28,414.92,409.06,412.0,1444653.0,414.82
2021-10-29,415.96,411.18,414.02,2061716.0,413.35
2021-11-01,418.73,413.248,417.07,1820782.0,416.7
2021-11-02,426.1582,412.79,415.1,3000776.0,423.85
2021-11-03,424.0,412.56,423.115,3542395.0,417.9
2021-11-04,415.99,403.028,414.65,3802336.0,408.07
2021-11-05,414.45,406.1,411.4,2105586.0,407.08
2021-11-08,413.65,407.96,409.89,1728354.0,408.34
2021-11-09,407.584,400.06,406.11,2246913.0,405.35
2021-11-10,405.55,397.245,402.33,2243941.0,399.12
2021-11-11,403.76,398.51,400.14,1252402.0,402.34
2021-11-12,405.1,399.2,403.0,1360058.0,404.91
2021-11-15,407.34,403.9149,406.0,1436452.0,404.81
2021-11-16,405.84,399.0,403.91,1310951.0,403.09
2021-11-17,402.65,391.47,401.85,2926990.0,391.55
2021-11-18,393.9202,385.68,392.3,1848941.0,391.37
2021-11-19,390.24,381.04,382.38,2611891.0,387.39
2021-11-22,402.49,390.18,393.16,3059658.0,396.16
2021-11-23,406.9559,397.51,400.25,2405701.0,406.34
2021-11-24,407.48,398.3,405.0,2186259.0,399.19
2021-11-26,391.71,382.715,384.48,2687915.0,389.39
2021-11-29,396.37,382.45,394.0,2883431.0,386.54
2021-11-30,386.83,377.26,383.53,4570434.0,380.99
2021-12-01,390.16,376.21,383.82,2477444.0,376.48
2021-12-02,389.09,376.03,378.0,3343716.0,387.54
2021-12-03,389.88,379.03,389.88,2807501.0,382.73
2021-12-06,393.5999,383.49,388.67,1990217.0,389.3
2021-12-07,401.75,393.06,393.58,2440999.0,400.11
2021-12-08,401.71,395.14,401.23,1635227.0,397.32
2021-12-09,400.1899,393.0,395.7,2111459.0,396.49
2021-12-10,398.86,388.66,398.0,1893761.0,391.06
2021-12-13,391.19,382.66,391.19,2313256.0,384.64
2021-12-14,392.5,383.26,383.56,2788459.0,388.82
2021-12-15,391.4,380.598,389.5,2802320.0,389.91
2021-12-16,399.84,391.8001,395.13,3578189.0,397.37
2021-12-17,393.67,380.63,389.21,7067987.0,381.8
2021-12-20,375.625,366.65,375.52,3735570.0,371.61
2021-12-21,382.085,374.76,376.43,2942812.0,380.32
2021-12-22,384.005,379.265,380.42,1487922.0,382.33
2021-12-23,387.61,383.57,383.79,1624168.0,385.04
2021-12-27,389.11,385.0001,386.99,1430760.0,388.04
2021-12-28,391.3328,386.235,388.93,1528340.0,387.61
2021-12-29,389.46,384.42,387.97,1327800.0,386.2
2021-12-30,389.7799,385.195,387.75,1160146.0,385.52
2021-12-31,387.0,380.835,385.0,1601272.0,382.55
2022-01-03,399.3,387.34,389.0,3338527.0,395.33
2022-01-04,410.28,401.18,402.23,3916412.0,407.48
2022-01-05,412.6599,397.89,409.8,3469627.0,398.63
2022-01-06,401.2,386.4332,401.0,2960923.0,396.93
2022-01-07,400.55,394.53,397.67,2360655.0,397.51
2022-01-10,404.37,394.215,401.32,3009436.0,399.17
2022-01-11,403.34,396.31,400.25,1748829.0,403.05
2022-01-12,404.12,388.56,403.24,4157980.0,390.31
2022-01-13,396.865,389.75,394.05,2497816.0,390.8
2022-01-14,384.39,375.0,382.13,4685335.0,380.94
2022-01-18,361.57,347.23,360.04,13140598.0,354.4
2022-01-19,359.7096,346.39,358.34,7426064.0,347.32
2022-01-20,357.1799,346.1372,348.9,4599934.0,348.1
2022-01-21,348.99,340.72,345.54,4904089.0,343.91
2022-01-24,344.07,326.23,337.32,6573835.0,343.39
2022-01-25,342.93,330.91,337.86,3959335.0,341.55
2022-01-26,350.48,338.4127,346.6,3745854.0,342.68
2022-01-27,348.77,337.72,345.67,2577150.0,341.03
2022-01-28,347.15,333.45,337.73,3714571.0,347.01
2022-01-31,355.21,343.44,344.6,3312350.0,354.68
2022-02-01,364.54,354.05,356.13,3303705.0,364.06
2022-02-02,368.53,357.83,363.5,2742362.0,363.06
2022-02-03,365.76,358.16,362.82,2372885.0,358.88
2022-02-04,370.95,361.02,362.17,3762311.0,367.6
2022-02-07,371.47,363.35,365.49,2635618.0,368.15
2022-02-08,372.65,366.25,371.08,3422322.0,370.1
2022-02-09,376.28,370.9,373.0,2250563.0,374.53
2022-02-10,377.4,368.83,371.71,2406181.0,370.57
2022-02-11,374.9,360.77,368.55,3142097.0,363.06
2022-02-14,364.29,357.1813,363.06,2585620.0,360.24
2022-02-15,365.89,361.36,364.09,1847145.0,363.94
2022-02-16,363.02,356.5308,361.35,2165268.0,360.05
2022-02-17,360.96,347.835,358.78,3102380.0,349.06
2022-02-18,350.0,343.37,345.57,2910900.0,346.04
2022-02-22,349.0,341.2,342.46,2590849.0,344.27
2022-02-23,349.26,339.82,347.57,2217335.0,341.19
2022-02-24,341.0,326.9471,328.57,4563974.0,340.19
2022-02-25,350.7,340.19,340.19,2980478.0,350.12
2022-02-28,343.84,337.55,340.25,4245655.0,341.29
2022-03-01,338.16,327.02,337.4,5631495.0,328.2
2022-03-02,338.0,327.4,331.6,3469857.0,336.38
2022-03-03,341.5,330.13,338.87,2393694.0,333.42
2022-03-04,330.66,324.0,327.0,3294826.0,329.67
2022-03-07,327.7892,320.85,326.82,3689854.0,321.89
2022-03-08,330.56,318.55,322.5,3596440.0,321.37
2022-03-09,337.465,330.03,331.68,3202098.0,333.59
2022-03-10,331.84,324.76,327.63,2232591.0,329.9
2022-03-11,336.61,326.71,334.37,2613505.0,327.0
2022-03-14,331.62,322.9,329.21,2342374.0,324.98
2022-03-15,331.9,324.84,327.07,2140675.0,329.16
2022-03-16,341.33,334.26,335.07,3468522.0,340.76
2022-03-17,343.595,334.9,337.37,2403730.0,343.27
2022-03-18,346.765,337.3,338.87,5861872.0,345.38
2022-03-21,346.3,337.15,345.26,3401215.0,339.0
2022-03-22,346.24,340.12,342.2,2840158.0,343.01
2022-03-23,340.83,335.13,340.0,2196798.0,335.61
2022-03-24,337.5,334.3,336.44,1944098.0,336.23
2022-03-25,341.83,335.48,337.43,1581392.0,337.49
2022-03-28,338.5,331.51,338.15,2182550.0,335.3
2022-03-29,344.0,336.73,342.47,2378721.0,339.66
2022-03-30,339.855,333.63,339.0,2650176.0,335.59
2022-03-31,336.5,330.1,336.13,2632043.0,330.1
2022-04-01,334.16,327.57,333.93,2444790.0,330.22
2022-04-04,331.87,325.86,330.0,2570807.0,328.21
2022-04-05,329.74,323.475,327.36,2573906.0,323.96
2022-04-06,320.615,315.75,320.0,3151265.0,316.26
2022-04-07,315.83,308.2,315.0,3562598.0,314.15
2022-04-08,323.679,313.0,313.58,3294183.0,321.39
2022-04-11,328.9,319.03,320.61,2747725.0,320.76
2022-04-12,327.12,318.01,321.68,2365242.0,319.78
2022-04-13,322.63,314.72,315.8,3022923.0,321.97
2022-04-14,333.03,319.0305,328.47,5460927.0,321.64
2022-04-18,332.66,320.65,320.65,3653413.0,329.88
2022-04-19,337.2,330.47,330.47,2774844.0,335.95
2022-04-20,344.9,337.5,338.1,3040082.0,341.06
2022-04-21,347.35,333.36,344.33,3097791.0,334.3
2022-04-22,332.5,319.47,332.31,3125194.0,319.77
2022-04-25,322.16,312.74,316.38,3093646.0,321.42
2022-04-26,321.6,312.8,317.95,2791654.0,313.12
2022-04-27,319.24,312.14,312.14,2469304.0,313.23
2022-04-28,319.36,312.15,317.12,2178499.0,318.41
2022-04-29,319.08,304.71,317.25,3129608.0,305.49
2022-05-02,311.37,302.21,305.81,2968062.0,310.42
2022-05-03,319.52,311.32,311.52,2606151.0,314.66
2022-05-04,324.8,312.17,315.83,2629439.0,324.11
2022-05-05,320.68,308.69,320.5,2622086.0,313.07
2022-05-06,313.71,306.0583,312.28,2375613.0,312.96
2022-05-09,313.77,304.98,308.92,3233951.0,308.89
2022-05-10,315.15,300.65,311.72,2798422.0,305.06
2022-05-11,310.91,301.0,305.06,2320564.0,301.55
2022-05-12,302.89,293.9,300.0,3408272.0,299.41
2022-05-13,309.63,303.57,303.63,2152474.0,306.99
2022-05-16,306.47,300.55,305.95,1569047.0,303.44
2022-05-17,314.315,308.13,309.87,2096198.0,312.97
2022-05-18,312.86,304.88,309.0,2033234.0,306.73
2022-05-19,309.99,303.39,303.82,2108751.0,308.2
2022-05-20,312.59,299.41,311.26,2201054.0,306.8
2022-05-23,321.83,311.07,312.72,2653032.0,316.61
2022-05-24,315.8,306.43,315.35,1870879.0,313.95
2022-05-25,317.6,309.98,311.25,1929450.0,314.9
2022-05-26,325.5,317.98,318.3,2440352.0,323.63
2022-05-27,328.67,323.19,326.75,2106682.0,328.58
2022-05-31,329.72,322.66,324.01,2722943.0,326.85
2022-06-01,329.27,315.83,327.0,2330155.0,321.85
2022-06-02,325.199,319.225,320.59,1957644.0,324.25
2022-06-03,322.5,317.5,320.88,1238861.0,318.68
2022-06-06,325.21,319.79,323.0,1099800.0,320.51
2022-06-07,321.84,316.6567,318.28,2516789.0,321.51
2022-06-08,319.545,312.8,318.34,1438114.0,314.68
2022-06-09,314.1441,304.02,313.56,2897621.0,304.22
2022-06-10,298.65,286.8504,296.99,3870276.0,287.02
2022-06-13,286.42,278.32,279.0,4218123.0,283.32
2022-06-14,289.1843,281.3,284.33,2487935.0,282.54
2022-06-15,294.48,284.17,287.16,2725792.0,290.07
2022-06-16,286.1299,279.15,282.68,2777306.0,284.98
2022-06-17,286.2599,278.15,282.13,5234356.0,279.79
2022-06-21,288.07,282.98,287.77,2506349.0,284.81
2022-06-22,286.01,281.04,282.29,2464716.0,284.54
2022-06-23,286.59,278.93,283.76,2547001.0,286.17
2022-06-24,303.13,290.0,291.0,3984332.0,302.75
2022-06-27,304.32,298.8784,303.06,2091675.0,300.78
2022-06-28,308.97,299.18,305.9,2329015.0,299.49
2022-06-29,307.44,299.91,303.37,2475949.0,303.28
2022-06-30,300.335,292.23,296.58,2669548.0,297.02
2022-07-01,300.33,291.7198,295.27,1749411.0,299.23
2022-07-05,297.35,288.36,293.0,2483079.0,297.2
2022-07-06,297.34,290.6,296.27,1774514.0,293.76
2022-07-07,299.07,293.6,297.66,2046455.0,298.6
2022-07-08,300.8916,295.07,300.5,1438883.0,296.47
2022-07-11,296.5399,291.875,293.2,1520253.0,293.18
2022-07-12,299.08,289.51,289.71,1772558.0,292.53
2022-07-13,291.1867,285.81,290.51,1884091.0,290.15
2022-07-14,284.24,277.84,284.24,3171949.0,281.59
2022-07-15,296.43,285.1536,286.5,3457630.0,293.87
2022-07-18,311.25,298.71,305.76,6767934.0,301.26
2022-07-19,319.14,303.5,303.59,5641124.0,318.05
2022-07-20,322.17,316.31,317.28,3489808.0,321.45
2022-07-21,327.16,319.845,320.51,2518823.0,326.54
2022-07-22,329.045,322.19,327.11,1830279.0,323.93
2022-07-25,327.2899,322.6,325.97,4024480.0,324.12
2022-07-26,324.29,317.76,321.77,2054744.0,318.55
2022-07-27,326.39,318.3786,320.29,2028448.0,324.54
2022-07-28,329.98,321.89,325.3,1820696.0,329.11
2022-07-29,335.18,329.5,329.5,2112387.0,333.39
2022-08-01,334.8,329.01,331.73,1476496.0,332.08
2022-08-02,331.83,327.22,329.5,1862939.0,327.88
2022-08-03,335.51,329.62,332.07,1770613.0,333.17
2022-08-04,334.3,330.62,333.28,1533372.0,331.87
2022-08-05,336.91,329.67,330.9,1876393.0,334.67
2022-08-08,338.84,334.34,337.11,1460469.0,334.68
2022-08-09,338.17,334.57,336.15,1587947.0,336.62
2022-08-10,349.7,341.35,341.36,2459505.0,347.91
2022-08-11,356.05,349.775,350.0,2361191.0,351.68
2022-08-12,354.56,350.146,353.44,2369177.0,353.82
2022-08-15,358.62,349.05,351.0,2045684.0,355.85
2022-08-16,356.468,352.02,352.99,1740922.0,354.97
2022-08-17,355.59,350.77,351.9,1576303.0,353.74
2022-08-18,355.1,350.86,352.66,1102200.0,354.52
2022-08-19,351.86,347.5,351.0,1812266.0,349.27
2022-08-22,344.53,340.76,342.44,1723896.0,342.42
2022-08-23,344.0725,339.03,341.95,1538005.0,340.18
2022-08-24,344.32,338.49,339.02,1530842.0,341.94
2022-08-25,346.86,342.11,344.45,1763878.0,346.49
2022-08-26,348.74,336.0,348.34,1703941.0,336.4
2022-08-29,336.4,332.01,333.92,1835640.0,333.92
2022-08-30,336.01,331.18,335.0,1830322.0,333.63
2022-08-31,335.14,329.68,331.55,2487973.0,332.67
2022-09-01,333.69,324.62,329.87,1575083.0,333.5
2022-09-02,340.315,329.97,334.68,2215460.0,331.48
2022-09-06,333.245,323.46,332.32,1578145.0,326.49
2022-09-07,332.155,323.25,324.25,1496739.0,330.56
2022-09-08,335.81,327.36,330.29,1755566.0,335.38
2022-09-09,341.03,337.03,337.98,1445701.0,340.1
2022-09-12,344.365,340.09,341.66,1563384.0,342.58
2022-09-13,336.52,326.83,336.08,2242113.0,328.39
2022-09-14,330.93,323.5,328.45,1953279.0,327.26
2022-09-15,335.28,327.59,328.73,1489400.0,331.62
2022-09-16,329.0,319.79,326.38,2946756.0,326.21
2022-09-19,329.29,320.54,320.57,1652686.0,328.66
2022-09-20,326.8,320.01,325.7,1569913.0,323.26
2022-09-21,329.79,320.63,324.92,1796654.0,320.71
2022-09-22,323.385,311.2,322.32,2239883.0,312.92
2022-09-23,309.79,297.46,307.55,2918467.0,301.97
2022-09-26,302.1,292.31,299.0,2308809.0,294.62
2022-09-27,299.15,288.6193,297.5,2007408.0,291.38
2022-09-28,302.41,292.46,294.0,2289657.0,300.79
2022-09-29,299.35,291.55,297.07,1930765.0,296.11
2022-09-30,301.09,292.7,296.0,1970815.0,293.05
2022-10-03,301.23,291.1,297.17,1938770.0,299.15
2022-10-04,315.16,305.875,306.8,2399524.0,314.87
2022-10-05,310.21,303.6,306.58,1992774.0,309.0
2022-10-06,309.08,303.4201,307.39,1367385.0,304.67
2022-10-07,305.15,299.15,304.0,1790105.0,301.08
2022-10-10,304.72,298.43,303.63,1309747.0,300.54
2022-10-11,302.52,293.92,298.01,2392772.0,294.21
2022-10-12,299.78,291.71,293.99,1763838.0,295.31
2022-10-13,308.755,287.75,290.42,2724865.0,307.07
2022-10-14,311.615,299.07,307.46,2398350.0,299.99
2022-10-17,311.62,304.14,304.41,3118594.0,306.71
2022-10-18,324.48,312.0,321.67,6428583.0,313.85
2022-10-19,314.79,308.0601,312.61,2363833.0,311.76
2022-10-20,316.05,309.0,312.1,2382314.0,310.81
2022-10-21,325.775,309.4939,311.0,3545738.0,325.1
2022-10-24,331.2363,325.85,328.5,2232767.0,328.7
2022-10-25,333.6,325.918,327.86,1837717.0,332.4
2022-10-26,338.67,334.14,334.52,2177102.0,335.69
2022-10-27,341.93,336.53,339.31,1998784.0,337.18
2022-10-28,342.58,336.0,338.52,1677052.0,341.82
2022-10-31,346.18,340.57,341.07,2224025.0,344.51
2022-11-01,348.69,343.77,345.13,2316558.0,348.58
2022-11-02,357.44,346.74,347.62,3224731.0,349.79
2022-11-03,350.67,342.59,347.5,2515632.0,348.87
2022-11-04,358.38,351.23,354.0,3172674.0,357.91
2022-11-07,362.96,358.5188,360.01,2526872.0,362.56
2022-11-08,367.19,361.46,362.3,3501332.0,364.02
2022-11-09,367.15,360.88,362.95,3047193.0,362.0
2022-11-10,380.43,369.744,370.0,3790378.0,378.31
2022-11-11,387.0,378.75,380.0,3409056.0,385.17
2022-11-14,387.3,380.5,384.0,2609338.0,382.36
2022-11-15,389.5781,380.65,385.98,3192390.0,382.88
2022-11-16,385.395,380.01,383.21,2303685.0,382.33
2022-11-17,381.72,375.01,377.15,2299419.0,379.78
2022-11-18,382.83,377.39,381.28,2384735.0,379.2
2022-11-21,380.77,375.42,378.9,1877529.0,380.21
2022-11-22,385.825,381.4,381.4,2019816.0,383.87
2022-11-23,388.2,383.41,383.9,1865756.0,386.25
2022-11-25,389.44,385.18,385.76,1129250.0,388.86
2022-11-28,388.39,380.89,385.43,2232764.0,382.36
2022-11-29,384.93,379.26,381.13,1746942.0,383.71
2022-11-30,386.15,375.1,382.5,2964127.0,386.15
2022-12-01,386.5,380.45,386.5,1706386.0,383.81
2022-12-02,382.52,378.4,381.52,1932530.0,380.58
2022-12-05,378.87,369.31,378.55,2329570.0,371.54
2022-12-06,370.37,360.33,369.48,3081920.0,362.91
2022-12-07,365.3,358.15,362.49,2128204.0,359.92
2022-12-08,362.59,356.055,362.03,1967822.0,358.08
2022-12-09,361.64,356.2138,356.71,1588812.0,359.14
2022-12-12,364.01,356.34,358.57,1750370.0,363.18
2022-12-13,378.56,365.51,374.63,3062618.0,368.69
2022-12-14,368.825,359.45,367.01,2519710.0,360.38
2022-12-15,356.105,347.94,354.48,3164047.0,349.83
2022-12-16,347.78,343.4056,345.08,5008921.0,346.35
2022-12-19,348.3983,342.63,346.27,1646653.0,344.61
2022-12-20,347.42,343.49,345.99,1622994.0,344.49
2022-12-21,350.88,346.89,348.26,1923118.0,350.16
2022-12-22,348.05,339.88,347.16,1529264.0,345.58
2022-12-23,347.76,343.11,344.84,1062061.0,345.51
2022-12-27,347.75,341.79,346.51,1035110.0,341.97
2022-12-28,342.847,339.3,340.5,1117275.0,340.87
2022-12-29,344.64,341.2396,342.44,1273551.0,343.43
2022-12-30,343.69,339.4,341.74,1031535.0,343.38
2023-01-03,348.6,342.805,345.5,1589777.0,346.22
2023-01-04,350.31,345.0783,348.03,1880985.0,347.7
2023-01-05,345.14,340.14,344.25,1397960.0,343.76
2023-01-06,349.0,340.945,347.3,3097817.0,348.08
2023-01-09,356.5,349.5,351.88,1989134.0,353.0
2023-01-10,357.5,350.5,352.64,1610302.0,357.36
2023-01-11,365.5,356.21,358.87,2127013.0,364.48
2023-01-12,370.1,362.57,366.24,2103065.0,369.94
2023-01-13,374.35,362.355,363.49,3310238.0,374.0
2023-01-17,366.79,344.0,364.8,14448267.0,349.92
2023-01-18,354.79,347.8,348.32,5585162.0,349.09
2023-01-19,352.16,345.5201,346.03,3100606.0,350.75
2023-01-20,352.25,338.21,349.87,11247154.0,341.84
2023-01-23,349.56,336.1583,341.67,4915671.0,349.14
2023-01-24,350.3,340.0,340.0,2371973.0,348.33
2023-01-25,349.955,343.9,344.75,1985154.0,349.63
2023-01-26,355.0,349.52,351.73,1919172.0,354.97
2023-01-27,355.99,351.83,351.95,2427638.0,353.7
2023-01-30,362.33,352.4,353.29,3184633.0,357.46
2023-01-31,365.92,356.86,359.16,2311684.0,365.81
2023-02-01,368.94,358.76,359.1,2889433.0,365.71
2023-02-02,372.89,364.5501,368.0,2619577.0,369.47
2023-02-03,374.57,365.44,365.62,2243051.0,369.95
2023-02-06,371.2552,365.78,369.0,1816448.0,370.8
2023-02-07,376.31,367.34,368.17,2205581.0,374.4
2023-02-08,378.35,371.98,372.92,1893223.0,375.1
2023-02-09,379.68,367.8,377.04,2052544.0,367.99
2023-02-10,372.23,364.555,367.0,1933370.0,371.28
2023-02-13,375.06,368.0,369.09,1570700.0,374.02
2023-02-14,377.05,369.38,373.94,2155712.0,371.78
2023-02-15,374.365,368.25,368.74,1687569.0,374.34
2023-02-16,374.25,368.8001,370.75,1947985.0,370.2
2023-02-17,371.06,366.86,368.05,1857335.0,368.5
2023-02-21,366.72,360.09,366.72,2403029.0,361.12
2023-02-22,363.0,358.041,361.63,2203940.0,360.89
2023-02-23,367.88,359.61,363.2,1931502.0,363.54
2023-02-24,365.18,359.53,360.17,2428661.0,363.85
2023-02-27,370.3,364.505,368.22,2842388.0,365.53
2023-02-28,366.01,351.33,366.0,4945557.0,351.65
2023-03-01,352.54,345.96,349.39,2717354.0,346.23
2023-03-02,349.78,340.49,343.99,3260264.0,349.1
2023-03-03,357.77,349.56,350.64,2396334.0,357.09
2023-03-06,358.86,353.73,358.06,1614160.0,357.05
2023-03-07,356.2,345.625,355.55,2048530.0,346.08
2023-03-08,349.69,345.17,346.19,1584632.0,349.29
2023-03-09,354.29,341.05,349.2,3177787.0,342.09
2023-03-10,339.93,326.03,338.87,4559749.0,327.67
2023-03-13,326.11,314.54,319.67,5660696.0,315.51
2023-03-14,326.38,318.945,324.77,3785873.0,322.15
2023-03-15,312.51,304.41,310.77,6596697.0,312.19
2023-03-16,318.32,304.92,309.0,4401879.0,315.09
2023-03-17,310.405,301.8731,310.09,6369764.0,303.54
2023-03-20,312.2,306.255,306.78,3963653.0,309.53
2023-03-21,320.32,315.35,317.62,3242359.0,317.28
2023-03-22,322.2206,313.49,317.28,2505897.0,313.67
2023-03-23,321.355,312.64,315.21,2585854.0,314.85
2023-03-24,312.75,305.36,310.15,2457182.0,312.57
2023-03-27,320.9,317.17,318.62,2300622.0,318.53
2023-03-28,320.605,316.12,319.09,1224463.0,318.44
2023-03-29,322.71,318.68,322.5,1475911.0,320.72
2023-03-30,324.87,319.88,324.56,1456528.0,321.14
2023-03-31,327.33,322.42,323.47,2281101.0,327.11
2023-04-03,328.98,323.155,326.14,1808836.0,326.52
2023-04-04,326.87,320.12,326.82,1536818.0,322.65
2023-04-05,322.2,319.37,319.62,1329340.0,321.53
2023-04-06,323.225,319.98,320.38,1310998.0,322.4
2023-04-10,324.99,321.31,322.4,1114386.0,324.96
2023-04-11,329.2,323.665,326.05,1559582.0,327.37
2023-04-12,332.07,327.18,331.72,1862442.0,330.24
2023-04-13,332.94,327.0,330.08,1765454.0,332.13
2023-04-14,339.63,334.32,336.53,2275657.0,336.92
2023-04-17,340.45,333.68,336.0,3012148.0,339.68
2023-04-18,336.55,326.13,328.0,7549535.0,333.91
2023-04-19,336.99,331.6703,332.98,2625397.0,336.89
2023-04-20,339.31,334.32,334.95,2218025.0,338.71
2023-04-21,342.3599,336.0,339.0,2278870.0,341.66
2023-04-24,345.06,341.53,341.99,1966254.0,343.96
2023-04-25,343.47,338.33,341.0,2138164.0,339.48
2023-04-26,340.6,334.64,337.58,2042094.0,336.56
2023-04-27,343.36,338.76,340.14,1768168.0,341.6
2023-04-28,344.1,339.7,340.05,1714119.0,343.44
2023-05-01,347.46,340.365,344.05,1375028.0,340.57
2023-05-02,339.89,330.0013,339.01,2397583.0,333.37
2023-05-03,334.83,328.25,332.36,1825366.0,328.65
2023-05-04,326.98,318.56,325.95,2965114.0,321.26
2023-05-05,327.8691,322.42,325.06,2413384.0,327.02
2023-05-08,330.3,325.67,329.64,1607368.0,326.51
2023-05-09,327.1799,323.295,325.04,1253285.0,324.77
2023-05-10,329.92,319.08,329.92,1752373.0,322.55
2023-05-11,321.94,318.18,319.66,1515390.0,320.72
2023-05-12,323.22,317.3201,322.04,1099060.0,319.5
2023-05-15,323.25,318.06,320.42,1178249.0,322.07
2023-05-16,323.07,320.495,322.5,1618975.0,320.81
2023-05-17,330.39,322.66,322.66,2098260.0,330.18
2023-05-18,330.6,325.66,330.0,1645540.0,329.58
2023-05-19,331.95,324.79,330.0,1546149.0,326.15
2023-05-22,327.34,322.43,326.15,1499004.0,324.92
2023-05-23,327.14,322.81,323.6,1551084.0,323.57
2023-05-24,321.9,318.8,320.39,1439076.0,319.81
2023-05-25,325.18,318.8,318.92,1618646.0,323.88
2023-05-26,332.87,324.0,324.72,2718654.0,332.01
2023-05-30,332.53,327.725,332.08,1998762.0,330.83
2023-05-31,327.25,321.815,326.07,2938032.0,323.9
2023-06-01,324.675,314.02,324.51,3339733.0,316.4
2023-06-02,325.2699,317.0491,318.235,3987763.0,323.65
2023-06-05,323.485,320.32,322.93,1595261.0,321.81
2023-06-06,328.07,321.4,322.43,1495628.0,326.8
2023-06-07,337.84,326.32,327.64,3382887.0,335.75
2023-06-08,336.33,331.34,335.36,2010162.0,335.47
2023-06-09,336.2,332.54,335.21,1703003.0,336.02
2023-06-12,340.09,336.35,338.44,2291289.0,339.49
2023-06-13,345.28,339.45,340.2,1772383.0,342.5
2023-06-14,347.73,337.23,344.78,1819396.0,338.42
2023-06-15,344.0,335.695,337.32,3322660.0,339.74
2023-06-16,341.4,337.1101,341.38,4544941.0,338.31
2023-06-20,335.38,329.23,335.32,3208987.0,330.72
2023-06-21,329.9999,324.92,328.45,2158659.0,325.07
2023-06-22,324.26,319.01,323.69,2412217.0,319.58
2023-06-23,317.71,314.07,316.56,2612014.0,314.71
2023-06-26,316.64,312.17,315.13,2480985.0,312.36
2023-06-27,315.68,310.56,312.41,2156849.0,313.45
2023-06-28,314.9,310.685,311.72,2423479.0,313.66
2023-06-29,325.5,316.25,317.85,3553574.0,323.09
2023-06-30,326.03,322.45,325.82,2361843.0,322.54
2023-07-03,329.4,322.41,322.41,1106831.0,326.61
2023-07-05,324.61,319.63,323.95,2561728.0,320.05
2023-07-06,318.64,312.84,318.0,2897815.0,313.0
2023-07-07,317.365,312.7,313.2,2903136.0,315.17
2023-07-10,320.08,316.0,316.67,1775938.0,316.47
2023-07-11,321.04,314.58,318.83,2042581.0,320.88
2023-07-12,333.3499,324.25,324.58,2741432.0,326.4
2023-07-13,329.28,325.6901,327.35,2787765.0,328.68
2023-07-14,332.475,325.02,331.99,1815195.0,326.19
2023-07-17,327.4899,324.36,325.89,1778480.0,327.2
2023-07-18,338.25,327.3,327.3,3899130.0,337.27
2023-07-19,345.88,331.3,338.0,6037364.0,340.55
2023-07-20,351.68,339.16,339.16,3915002.0,350.86
2023-07-21,355.08,346.7818,351.78,3217355.0,351.96
2023-07-24,361.62,352.0,352.83,3517526.0,358.93
2023-07-25,360.82,353.98,357.42,2892975.0,354.7
2023-07-26,360.26,354.28,354.49,2281562.0,357.56
2023-07-27,360.535,354.17,358.13,2010761.0,354.51
2023-07-28,356.5,351.61,356.11,1827589.0,353.23
2023-07-31,357.2,354.02,354.88,1385712.0,355.87
2023-08-01,357.87,353.39,354.0,2024407.0,357.72
2023-08-02,354.99,348.87,354.99,2107550.0,351.1
2023-08-03,355.2099,348.62,349.99,1840492.0,353.16
2023-08-04,358.73,352.51,353.34,1725271.0,353.22
2023-08-07,357.67,353.92,355.4,1260463.0,355.56
2023-08-08,352.0,342.03,351.7,1917387.0,348.26
2023-08-09,348.455,342.49,346.82,1326159.0,342.69
2023-08-10,347.26,339.8,344.07,1345914.0,340.4
2023-08-11,341.79,337.55,339.93,1256837.0,340.73
2023-08-14,338.45,334.86,337.41,1347039.0,337.74
2023-08-15,334.03,330.48,333.3,1657764.0,332.21
2023-08-16,332.92,328.97,330.54,3340306.0,329.11
2023-08-17,333.99,324.0,330.0,3135291.0,327.52
2023-08-18,327.62,323.195,324.32,1730485.0,324.93
2023-08-21,326.39,319.39,325.39,1983723.0,322.06
2023-08-22,322.64,318.31,322.48,1810287.0,318.79
2023-08-23,322.45,318.0,320.62,1429147.0,322.33
2023-08-24,327.49,319.51,322.15,1185557.0,319.96
2023-08-25,322.7199,318.1901,320.8,1159572.0,320.15
2023-08-28,326.6,321.34,321.34,1440275.0,325.97
2023-08-29,332.7,324.68,325.56,1831735.0,332.55
2023-08-30,331.91,327.65,330.0,1131451.0,328.58
2023-08-31,330.49,325.9575,329.41,1271233.0,327.71
2023-09-01,331.62,326.205,329.67,1201407.0,327.4
2023-09-05,328.48,322.625,327.34,1846007.0,323.75
2023-09-06,324.14,319.305,322.31,2120866.0,321.13
2023-09-07,324.22,320.13,320.62,1471138.0,321.96
2023-09-08,325.97,321.659,321.92,2026803.0,325.52
2023-09-11,330.1499,324.29,328.26,1283102.0,324.65
2023-09-12,335.28,324.0,324.01,2054652.0,330.9
2023-09-13,337.01,330.82,333.5,2164992.0,334.98
2023-09-14,345.12,336.85,339.0,2822721.0,344.57
2023-09-15,346.19,341.8586,345.15,3063887.0,342.54
2023-09-18,344.26,339.27,342.54,1356719.0,343.32
2023-09-19,344.97,337.97,343.46,1660396.0,341.89
2023-09-20,343.8029,336.2901,342.61,1225777.0,336.7
2023-09-21,334.6925,330.08,334.5,1685328.0,330.24
2023-09-22,331.5399,326.83,330.1,1669558.0,327.89
2023-09-25,329.285,325.28,327.07,833525.0,328.84
2023-09-26,327.43,322.42,325.61,1481824.0,323.82
2023-09-27,325.0,318.98,324.98,1493003.0,321.95
2023-09-28,326.84,320.21,320.21,1389644.0,325.2
2023-09-29,327.96,322.27,327.2,1403878.0,323.57
2023-10-02,323.58,317.1,322.03,1303821.0,318.5
2023-10-03,315.68,304.39,315.27,3118598.0,306.12
2023-10-04,309.06,303.48,304.85,1872003.0,308.6
2023-10-05,310.55,304.2075,307.36,1584764.0,310.5
2023-10-06,315.32,307.17,308.11,1595270.0,312.48
2023-10-09,313.4761,308.37,308.9,1094602.0,312.61
2023-10-10,316.85,312.29,314.47,1194030.0,314.77
2023-10-11,316.63,311.6,315.43,1672491.0,313.02
2023-10-12,314.25,308.02,314.15,1727714.0,309.85
2023-10-13,316.18,308.174,312.0,1785777.0,309.3
2023-10-16,315.9,310.25,313.18,2273906.0,314.39
2023-10-17,316.18,305.91,313.38,4122960.0,309.36
2023-10-18,307.22,301.48,307.0,3460269.0,301.96
2023-10-19,305.336,298.63,301.96,3211804.0,299.19
2023-10-20,303.25,298.1,298.5,2328977.0,300.05
2023-10-23,303.55,298.19,298.29,2959982.0,299.22
2023-10-24,303.1,299.08,300.0,1697300.0,299.18
2023-10-25,300.0,295.03,298.6,1809273.0,296.76
2023-10-26,300.14,294.7801,296.96,2011172.0,296.99
2023-10-27,298.27,289.3568,297.55,2601664.0,289.91
2023-10-30,301.81,293.29,293.45,3065158.0,300.83
2023-10-31,304.29,300.7,301.68,2611046.0,303.61
2023-11-01,308.25,302.8371,303.33,2345370.0,307.16
2023-11-02,314.54,308.0,309.69,2596968.0,313.76
2023-11-03,329.33,317.93,318.46,3742027.0,327.62
2023-11-06,328.9,322.1,326.66,2087563.0,323.91
2023-11-07,326.39,321.29,322.13,1504999.0,323.95
2023-11-08,326.66,323.67,323.95,1484489.0,324.56
2023-11-09,326.65,319.66,326.0,1788040.0,320.78
2023-11-10,326.06,321.65,323.32,1781440.0,325.51
2023-11-13,328.72,323.53,324.16,1403320.0,326.91
2023-11-14,341.775,332.47,333.53,3592920.0,338.72
2023-11-15,341.08,335.3407,339.9,2534619.0,337.6
2023-11-16,339.75,335.01,337.76,1620383.0,336.67
2023-11-17,340.45,338.12,339.5,1465594.0,339.19
2023-11-20,341.315,337.5,340.0,3149459.0,339.45
2023-11-21,339.09,334.55,338.36,1901001.0,334.97
2023-11-22,338.91,335.37,336.94,1235402.0,338.64
2023-11-24,340.27,337.64,338.8,460100.0,339.15
2023-11-27,340.02,335.74,339.19,1250571.0,337.71
2023-11-28,338.3999,334.87,337.38,1418976.0,337.65
2023-11-29,343.53,336.51,337.0,2038124.0,340.26
2023-11-30,344.755,340.09,341.68,1903754.0,341.54
2023-12-01,348.89,340.42,341.46,3623292.0,348.43
2023-12-04,350.49,345.29,346.3,2178216.0,349.39
2023-12-05,346.8337,340.54,346.6,2429702.0,341.75
2023-12-06,347.0,341.6,343.51,1869436.0,341.97
2023-12-07,344.69,342.0,343.71,2162631.0,344.62
2023-12-08,352.29,343.7758,344.31,2239001.0,350.83
2023-12-11,353.03,349.05,351.44,1635961.0,351.76
2023-12-12,353.9956,349.58,351.41,1597669.0,352.61
2023-12-13,362.85,351.6,352.94,2876467.0,362.73
2023-12-14,386.2,365.0,366.5,5376303.0,383.47
2023-12-15,385.895,379.32,380.19,4522310.0,380.51
2023-12-18,382.76,375.91,381.26,2741011.0,376.4
2023-12-19,383.769,374.545,376.01,2091787.0,382.45
2023-12-20,385.13,377.25,380.73,1836529.0,377.52
2023-12-21,381.49,377.01,380.05,1301713.0,380.57
2023-12-22,383.4896,379.41,382.0,1538183.0,380.65
2023-12-26,382.61,380.05,380.65,837409.0,381.61
2023-12-27,385.75,380.31,381.2,1367219.0,384.48
2023-12-28,387.76,383.63,384.52,1024818.0,386.41
2023-12-29,386.64,383.57,385.57,881319.0,385.77
2024-01-02,389.14,382.19,383.0,2263330.0,388.3
2024-01-03,385.395,376.7633,383.88,2265306.0,381.79
2024-01-04,387.0899,381.95,383.55,1618314.0,382.95
2024-01-05,389.47,381.08,381.92,2913924.0,386.44
2024-01-08,389.08,382.025,385.97,1902568.0,388.86
2024-01-09,385.95,381.77,384.6,1708765.0,383.74
2024-01-10,383.05,378.53,381.35,1547381.0,381.96
2024-01-11,380.98,374.68,380.89,2209933.0,379.75
2024-01-12,385.845,376.58,383.34,2223834.0,377.75
2024-01-16,385.01,374.32,378.36,3926571.0,380.45
2024-01-17,380.2,374.13,375.2,2415333.0,377.18
2024-01-18,381.64,374.56,380.33,1771217.0,376.91
2024-01-19,383.3,372.07,376.73,2603278.0,382.2
2024-01-22,392.73,384.56,386.36,2922749.0,385.96
2024-01-23,383.36,378.625,379.98,3313294.0,380.77
2024-01-24,384.61,379.18,381.81,2235811.0,379.4
2024-01-25,386.7099,382.01,382.69,2376324.0,382.7
2024-01-26,380.9,376.75,378.65,3464718.0,377.79
2024-01-29,380.84,374.24,375.89,1632534.0,380.56
2024-01-30,387.92,381.59,384.0,3897864.0,386.87
2024-01-31,393.9099,383.7,386.0,3421105.0,384.01
2024-02-01,389.54,378.8,384.43,2138452.0,383.85
2024-02-02,388.74,380.6,381.8,2180892.0,387.86
2024-02-05,385.33,381.0,384.6,2231062.0,383.02
2024-02-06,386.8218,383.0,383.02,1488144.0,384.99
2024-02-07,387.07,382.5,385.31,1963216.0,386.66
2024-02-08,388.11,381.34,386.0,1913833.0,385.04
2024-02-09,386.13,382.585,384.77,2028204.0,384.26
2024-02-12,396.35,384.32,385.0,2797421.0,392.64
2024-02-13,389.16,375.2,387.59,3030784.0,378.75
2024-02-14,381.48,375.775,380.88,2041326.0,378.04
2024-02-15,387.21,379.14,379.42,2218890.0,385.42
2024-02-16,387.58,380.945,383.24,2376824.0,384.44
2024-02-20,385.575,380.85,380.95,2358977.0,384.52
2024-02-21,388.6599,381.263,381.84,1773121.0,388.27
2024-02-22,395.6,389.0,389.23,2326776.0,390.47
2024-02-23,396.79,389.21,390.0,2247640.0,391.05
2024-02-26,396.06,388.82,391.05,1797790.0,390.22
2024-02-27,395.9,389.33,392.26,1725071.0,390.81
2024-02-28,393.26,387.0,387.19,2572859.0,393.18
2024-02-29,395.98,385.67,395.22,3139123.0,389.05
2024-03-01,391.04,385.25,389.63,1573017.0,388.1
2024-03-04,396.57,386.2,388.81,1955263.0,392.25
2024-03-05,397.49,390.31,390.72,2697770.0,390.91
2024-03-06,395.29,384.52,395.0,2692376.0,389.57
2024-03-07,394.51,387.06,391.9,2033080.0,388.43
2024-03-08,395.62,386.71,388.73,1657387.0,386.99
2024-03-11,386.41,381.42,385.67,1654403.0,386.16
2024-03-12,389.13,383.78,387.62,1703880.0,388.18
2024-03-13,395.25,388.18,388.91,2370677.0,392.31
2024-03-14,396.38,385.45,394.43,3029744.0,388.61
2024-03-15,391.13,386.4,388.87,3763948.0,387.21
2024-03-18,389.03,383.41,388.65,2069030.0,384.37
2024-03-19,390.78,383.705,384.07,1858220.0,388.66
2024-03-20,396.5,386.0,386.36,2157408.0,396.47
2024-03-21,414.0248,399.09,399.77,4613791.0,413.71
2024-03-22,416.76,405.78,414.4,2190278.0,406.82
2024-03-25,410.46,403.86,406.87,1683977.0,404.94
2024-03-26,409.33,404.52,406.09,1406974.0,406.18
2024-03-27,415.49,408.37,409.62,2353629.0,415.25
2024-03-28,419.2,414.98,416.21,2409718.0,417.69
2024-04-01,417.95,412.0,416.68,1863918.0,413.51
