Date,M_close_price,M_news_pos_sentiment_count,M_news_sentiment_daily_avg,M_twitter_pos_sentiment_count,NT_close_price,NT_news_pos_sentiment_count,NT_news_sentiment_daily_avg,NT_twitter_pos_sentiment_count,F_news_sentiment_daily_avg,F_twitter_pos_sentiment_count,F_news_pos_sentiment_count,F_close_price,A_close_price,A_news_sentiment_daily_avg,A_news_pos_sentiment_count,A_twitter_pos_sentiment_count,news_sentiment_daily_avg,news_pos_sentiment_count,twitter_pos_sentiment_count
2021-01-01,,0.0,0.0,20.0,,1.0,-0.0038,18,0.0,1.0,0.0,,,0.4471,7.0,19.0,0.6321,1.0,1.0
2021-01-04,220.31,0.0,0.0,4.0,49.67,3.0,0.0875,15,0.1886,,1.0,29.7,30.03,0.336,6.0,1.0,0.0,0.0,1.0
2021-01-05,221.52,1.0,0.013,42.0,50.61,4.0,-0.0315,16,-0.0932,4.0,3.0,30.53,30.26,0.0191,3.0,5.0,-0.2164,0.0,6.0
2021-01-06,216.15,0.0,0.0,44.0,51.1,2.0,-0.0082,12,-0.1815,8.0,2.0,32.69,32.15,0.0669,6.0,15.0,-0.0175,0.0,10.0
2021-01-07,217.98,0.0,0.0,30.0,52.19,0.0,0.0,12,-0.0997,9.0,7.0,33.43,32.86,0.2433,15.0,18.0,0.0893,8.0,13.0
2021-01-08,222.04,0.0,0.0,16.0,51.65,0.0,-0.0012,11,-0.0065,8.0,1.0,33.19,32.53,0.0998,9.0,10.0,0.543,4.0,9.0
2021-01-11,218.25,1.0,0.1873,8.0,51.54,1.0,-0.0014,3,-0.1822,1.0,1.0,33.24,33.07,-0.0244,0.0,16.0,-0.0029,0.0,2.0
2021-01-12,215.52,2.0,-0.0959,25.0,53.24,6.0,0.0006,12,-0.242,9.0,0.0,33.94,33.66,0.0413,9.0,44.0,-0.0062,1.0,18.0
2021-01-13,218.18,4.0,0.2056,44.0,56.95,4.0,0.0008,34,-0.2002,10.0,7.0,33.8,33.46,0.0544,7.0,14.0,0.0042,1.0,17.0
2021-01-14,215.6,1.0,0.0071,31.0,59.25,90.0,0.0634,205,-0.3788,9.0,0.0,34.75,33.99,0.0149,3.0,10.0,-0.0037,1.0,19.0
2021-01-15,213.14,0.0,-0.0245,27.0,57.58,29.0,0.0842,63,-0.1525,30.0,12.0,32.04,33.01,0.042,7.0,10.0,0.112,17.0,31.0
2021-01-18,,1.0,0.4036,6.0,,6.0,0.0039,9,-0.6321,1.0,0.0,,,0.0181,1.0,2.0,0.0,0.0,1.0
2021-01-19,216.76,0.0,0.0,17.0,57.99,6.0,0.0088,12,-0.8368,2.0,1.0,32.63,32.77,-0.3467,44.0,37.0,-0.0284,1.0,4.0
2021-01-20,223.44,0.0,0.0,38.0,58.67,11.0,0.019,16,-0.1189,10.0,3.0,32.46,32.34,-0.626,24.0,30.0,-0.1466,1.0,6.0
2021-01-21,222.17,1.0,0.0562,46.0,62.46,8.0,0.0169,39,-0.0192,2.0,0.0,32.0,31.77,0.2589,20.0,18.0,-0.3501,2.0,8.0
2021-01-22,225.77,2.0,0.0421,31.0,56.66,118.0,0.2766,465,-0.0756,3.0,0.0,31.9,31.55,0.1307,10.0,13.0,-0.0378,3.0,4.0
2021-01-25,225.92,1.0,0.0474,15.0,55.44,1.0,-0.1548,24,0.6448,2.0,2.0,32.24,31.16,-0.0834,2.0,7.0,-0.0514,0.0,6.0
2021-01-26,226.26,1.0,0.0031,24.0,55.21,1.0,-0.0327,35,-0.0304,3.0,0.0,31.38,30.94,-0.0156,1.0,8.0,0.0023,1.0,1.0
2021-01-27,224.78,3.0,0.0112,27.0,53.59,4.0,0.0013,51,-0.0004,3.0,0.0,30.17,29.83,-0.0415,3.0,19.0,-0.0282,0.0,3.0
2021-01-28,226.5,0.0,0.0,11.0,56.065,3.0,-0.0143,20,-0.012,,1.0,30.81,30.32,0.0387,6.0,13.0,0.0,0.0,3.0
2021-01-29,225.56,2.0,0.0515,21.0,55.51,5.0,0.0258,23,-0.0485,4.0,0.0,29.88,29.65,0.0484,7.0,17.0,-0.0917,1.0,4.0
2021-02-01,228.46,0.0,0.0,8.0,56.69,0.0,-0.0892,10,-0.9559,1.0,0.0,29.99,29.96,0.2738,6.0,3.0,0.0,0.0,3.0
2021-02-02,234.2,0.0,0.0,28.0,58.0,6.0,-0.055,14,-0.0474,,1.0,30.75,31.03,0.0791,9.0,11.0,0.0166,1.0,2.0
2021-02-03,234.82,1.0,0.0084,36.0,57.68,4.0,0.0134,11,-0.0729,3.0,0.0,31.7,31.58,0.0121,2.0,10.0,0.0031,1.0,3.0
2021-02-04,237.98,0.0,0.0,25.0,58.79,5.0,-0.0325,19,-0.0056,3.0,0.0,32.66,32.5,-0.0113,1.0,11.0,-0.1347,0.0,8.0
2021-02-05,238.89,0.0,0.0,30.0,58.18,3.0,0.0071,14,-0.036,,0.0,32.56,32.37,-0.283,7.0,18.0,0.0,0.0,1.0
2021-02-08,238.93,1.0,0.3871,,59.16,0.0,-0.0082,6,0.0,1.0,0.0,33.4,33.09,-0.1566,0.0,2.0,0.0,0.0,2.0
2021-02-09,236.7,1.0,0.0048,12.0,58.78,0.0,-0.0085,11,-0.1543,7.0,0.0,33.26,32.95,-0.0496,3.0,8.0,-0.0758,2.0,8.0
2021-02-10,236.72,1.0,0.0016,14.0,58.86,1.0,-0.0112,9,-0.1022,,0.0,33.2,32.98,-0.0559,3.0,5.0,-0.0046,1.0,
2021-02-11,241.24,0.0,0.0,10.0,60.66,3.0,0.004,6,-0.0021,5.0,0.0,32.72,32.88,-0.0112,1.0,11.0,-0.0571,0.0,9.0
2021-02-12,240.37,0.0,0.0,18.0,61.81,0.0,-0.0002,35,0.0,14.0,0.0,33.53,33.37,0.0012,2.0,24.0,0.0,0.0,6.0
2021-02-15,,0.0,0.0,3.0,,0.0,0.0,2,0.0,,0.0,,,-0.2303,1.0,,,0.0,1.0
2021-02-16,248.59,0.0,0.0,5.0,62.47,0.0,0.0,5,-0.0432,3.0,0.0,34.79,34.27,-0.0513,4.0,5.0,-0.013,0.0,3.0
2021-02-17,247.66,3.0,0.025,23.0,61.85,1.0,0.0003,14,-0.0558,6.0,3.0,36.59,34.41,0.0029,3.0,12.0,-0.6592,4.0,12.0
2021-02-18,247.01,2.0,-0.0124,10.0,61.61,1.0,-0.0008,7,0.2754,24.0,26.0,36.96,34.19,-0.0167,2.0,7.0,-0.6119,0.0,8.0
2021-02-19,246.56,1.0,-0.0882,11.0,63.01,0.0,-0.0035,12,0.3078,3.0,9.0,37.83,34.54,0.0202,7.0,11.0,-0.0731,0.0,7.0
2021-02-22,240.95,0.0,0.0,5.0,60.71,2.0,0.0244,10,0.0,,0.0,37.26,35.15,0.003,1.0,1.0,0.0,0.0,1.0
2021-02-23,235.64,1.0,0.0238,13.0,61.12,2.0,0.005,8,-0.0029,4.0,1.0,37.14,35.52,0.0266,6.0,18.0,-0.0244,0.0,5.0
2021-02-24,240.47,0.0,-0.0245,12.0,63.19,1.0,-0.0002,12,-0.0168,,1.0,38.29,36.38,0.017,4.0,16.0,-0.1682,1.0,2.0
2021-02-25,231.08,1.0,0.0218,20.0,60.4,1.0,0.0004,15,0.0109,9.0,3.0,37.56,35.93,0.0469,10.0,16.0,-0.0526,1.0,3.0
2021-02-26,216.5,35.0,0.339,105.0,60.78,0.0,0.0,11,-0.0224,7.0,0.0,36.17,34.71,-0.0057,4.0,25.0,-0.1778,3.0,4.0
2021-03-01,217.54,1.0,0.6321,12.0,62.88,0.0,0.0,3,-0.0933,1.0,0.0,37.09,35.79,0.0095,1.0,11.0,0.0307,2.0,7.0
2021-03-02,213.47,1.0,-0.0661,18.0,61.24,1.0,0.0004,10,0.0181,1.0,4.0,37.14,35.53,0.0493,7.0,11.0,0.0392,6.0,16.0
2021-03-03,206.0,1.0,0.0321,11.0,59.9,1.0,-0.2181,12,0.0321,4.0,3.0,37.69,36.42,0.0281,5.0,13.0,-0.0276,1.0,9.0
2021-03-04,205.33,0.0,-0.1965,20.0,58.33,2.0,-0.0818,6,-0.009,9.0,1.0,37.16,36.5,-0.0005,1.0,10.0,0.0057,1.0,4.0
2021-03-05,210.76,1.0,-0.0265,18.0,60.74,2.0,-0.0032,7,0.002,6.0,1.0,37.43,36.93,-0.1607,1.0,9.0,-0.0398,1.0,9.0
2021-03-08,207.72,0.0,0.0,16.0,59.85,0.0,0.0,2,0.0,1.0,0.0,38.67,37.13,0.0066,1.0,2.0,-0.0529,0.0,4.0
2021-03-09,211.53,4.0,0.4759,21.0,62.67,5.0,0.002,3,0.0111,4.0,6.0,38.13,36.32,0.0402,10.0,14.0,0.0,0.0,6.0
2021-03-10,211.96,2.0,0.009,11.0,62.25,8.0,0.0281,9,0.0,1.0,0.0,39.58,37.37,-0.042,2.0,14.0,-0.067,0.0,9.0
2021-03-11,215.95,1.0,0.0093,12.0,63.31,1.0,-0.0007,15,0.0313,8.0,3.0,38.88,37.24,0.0006,1.0,8.0,-0.0058,0.0,10.0
2021-03-12,212.21,0.0,0.0,9.0,62.9,4.0,0.0052,14,-0.0016,,0.0,39.97,37.94,0.0006,1.0,12.0,0.0019,1.0,14.0
2021-03-15,212.8,0.0,,2.0,63.79,0.0,0.0,2,0.0,3.0,0.0,39.7,37.75,0.0135,1.0,3.0,0.0,0.0,4.0
2021-03-16,214.48,0.0,-0.123,8.0,64.78,1.0,0.0004,18,0.0,1.0,0.0,39.35,37.64,-0.0006,0.0,21.0,0.0,0.0,8.0
2021-03-17,213.12,1.0,0.0421,12.0,65.78,1.0,0.0,20,-0.0008,2.0,0.0,39.84,37.95,0.0079,4.0,6.0,0.0,0.0,1.0
2021-03-18,209.48,1.0,0.0075,4.0,63.725,7.0,0.0059,16,-0.0004,4.0,1.0,40.81,38.94,0.0,0.0,8.0,-0.053,0.0,4.0
2021-03-19,212.2,0.0,-0.0685,4.0,63.76,1.0,-0.0219,9,0.0086,7.0,2.0,39.63,38.53,0.0324,9.0,21.0,-0.3304,0.0,9.0
2021-03-22,215.17,0.0,0.0,1.0,65.63,0.0,-0.001,3,0.0,,0.0,38.97,37.66,0.0341,2.0,9.0,,0.0,2.0
2021-03-23,215.0,0.0,0.0,3.0,63.48,5.0,0.0045,25,-0.0163,2.0,0.0,38.24,36.9,0.0076,3.0,6.0,-0.0172,0.0,1.0
2021-03-24,209.53,0.0,0.0,6.0,62.04,93.0,0.0725,151,-0.0006,4.0,1.0,38.12,36.9,-0.0063,0.0,8.0,-0.001,1.0,5.0
2021-03-25,205.44,0.0,-0.0053,7.0,62.02,38.0,0.0242,102,-0.0046,5.0,1.0,39.3,37.66,-0.0027,2.0,10.0,-0.0041,2.0,5.0
2021-03-26,209.09,1.0,0.3906,12.0,64.87,7.0,0.0072,17,0.0044,6.0,2.0,39.76,38.68,0.0014,2.0,6.0,0.0169,2.0,5.0
2021-03-29,210.77,0.0,-0.3452,1.0,64.5,2.0,0.006,9,0.0,1.0,0.0,38.44,38.31,0.0461,3.0,6.0,-0.1005,0.0,18.0
2021-03-30,210.0,0.0,0.0,4.0,63.77,0.0,-0.0012,16,-0.0055,6.0,0.0,39.39,38.99,-0.009,3.0,2.0,-0.0076,0.0,
2021-03-31,211.87,0.0,0.0,5.0,64.0,4.0,0.0011,15,-0.0901,12.0,9.0,39.07,38.69,0.008,5.0,12.0,0.0083,1.0,4.0
2021-04-01,218.72,0.0,0.0,6.0,64.55,0.0,-0.001,13,0.0048,6.0,2.0,39.63,39.49,0.0412,7.0,15.0,0.0085,1.0,15.0
2021-04-02,,0.0,-0.0208,5.0,,2.0,0.001,18,0.0,5.0,0.0,,,0.002,1.0,9.0,0.0,0.0,6.0
2021-04-05,220.29,0.0,0.0,2.0,66.54,2.0,0.0283,1,0.0,3.0,0.0,39.48,39.8,0.003,1.0,5.0,0.0,0.0,
2021-04-06,221.09,0.0,0.0,8.0,65.56,2.0,0.0018,14,0.0,5.0,0.0,39.85,39.69,-0.0004,1.0,9.0,0.0,0.0,4.0
2021-04-07,220.79,0.0,0.0,5.0,66.25,4.0,-0.0004,5,0.0,3.0,0.0,39.99,40.05,0.006,3.0,10.0,-0.009,0.0,
2021-04-08,224.45,1.0,0.0052,3.0,67.05,1.0,0.0001,7,-0.0018,5.0,0.0,40.03,39.7,-0.0061,1.0,11.0,0.0151,2.0,7.0
2021-04-09,231.28,1.0,0.003,11.0,68.26,0.0,0.0,4,0.0005,,1.0,40.5,39.99,0.0005,2.0,23.0,-0.0219,1.0,8.0
2021-04-12,228.76,0.0,,3.0,65.405,0.0,0.0,11,0.0314,9.0,1.0,40.77,40.06,0.0733,4.0,9.0,0.0772,1.0,2.0
2021-04-13,232.0,0.0,0.0,8.0,65.22,6.0,-0.0177,39,0.0,1.0,0.0,39.79,39.32,-0.003,2.0,15.0,0.0016,1.0,4.0
2021-04-14,228.02,1.0,0.0308,11.0,64.19,1.0,-0.0007,16,0.0165,44.0,14.0,41.99,39.88,-0.0063,0.0,7.0,-0.0037,0.0,8.0
2021-04-15,233.0,0.0,0.0,4.0,65.02,0.0,-0.0034,17,0.3491,63.0,61.0,42.24,38.74,0.2909,72.0,69.0,0.0106,7.0,37.0
2021-04-16,231.91,1.0,0.0227,7.0,64.75,3.0,-0.0468,22,-0.0088,10.0,5.0,43.84,39.15,0.2402,43.0,63.0,0.135,74.0,60.0
2021-04-19,230.5,0.0,0.0,1.0,63.63,1.0,0.0027,2,0.0,3.0,0.0,43.88,39.17,0.0,0.0,4.0,0.0,0.0,5.0
2021-04-20,227.96,1.0,0.0019,3.0,62.7,1.0,-0.005,6,-0.0005,13.0,0.0,42.54,38.08,0.0024,3.0,19.0,0.0,0.0,7.0
2021-04-21,230.56,0.0,0.0,8.0,63.7,2.0,-0.0048,8,-0.0015,5.0,0.0,43.24,38.72,0.0094,7.0,11.0,0.0,0.0,9.0
2021-04-22,231.35,0.0,0.0,8.0,62.57,6.0,-0.0182,23,-0.0015,3.0,0.0,42.7,38.36,-0.0098,4.0,13.0,-0.0508,0.0,7.0
2021-04-23,233.51,0.0,-0.0089,11.0,59.24,23.0,-0.2566,124,0.0046,2.0,2.0,43.86,39.18,-0.0041,1.0,6.0,-0.0152,1.0,3.0
2021-04-26,235.46,0.0,0.0,2.0,58.76,0.0,-0.0376,5,0.0433,2.0,2.0,44.14,39.41,0.0062,1.0,1.0,0.014,1.0,
2021-04-27,234.21,0.0,0.0,5.0,57.97,2.0,-0.0055,21,0.0251,7.0,2.0,45.09,39.88,0.0077,4.0,12.0,0.0005,1.0,4.0
2021-04-28,236.88,0.0,0.0,5.0,57.62,3.0,-0.005,47,-0.0003,6.0,0.0,45.08,40.03,-0.0625,4.0,6.0,0.0229,3.0,8.0
2021-04-29,234.36,1.0,0.0054,14.0,58.28,0.0,-0.0058,40,0.0,13.0,0.0,46.24,41.11,-0.0071,1.0,7.0,0.0,0.0,6.0
2021-04-30,230.32,1.0,0.0391,11.0,57.53,0.0,-0.0001,12,0.0028,6.0,1.0,45.05,40.53,0.0156,3.0,10.0,-0.0156,1.0,4.0
2021-05-03,223.76,0.0,,3.0,57.26,11.0,0.0298,13,0.016,3.0,1.0,45.48,40.56,0.0038,1.0,9.0,0.0,0.0,3.0
2021-05-04,217.18,0.0,-0.2293,5.0,56.9,13.0,0.0124,54,-0.1515,6.0,1.0,45.74,41.0,0.0038,4.0,17.0,0.002,1.0,5.0
2021-05-05,215.4,0.0,-0.0113,4.0,56.85,2.0,0.0012,20,0.0021,3.0,1.0,45.94,41.39,-0.0235,4.0,9.0,0.0301,2.0,15.0
2021-05-06,218.05,0.0,0.0,7.0,57.19,2.0,0.0014,9,0.0,2.0,0.0,46.63,42.01,0.003,2.0,5.0,0.0,0.0,1.0
2021-05-07,216.5,0.0,-0.1365,3.0,57.67,0.0,-0.0006,9,-0.0677,6.0,1.0,46.54,42.18,0.0117,4.0,12.0,0.0022,1.0,7.0
2021-05-10,213.89,0.0,0.0,2.0,55.97,0.0,-0.1815,14,0.0,,0.0,46.6,42.05,0.0,0.0,4.0,0.0,0.0,1.0
2021-05-11,215.56,0.0,0.0,1.0,55.04,0.0,-0.0098,11,0.0031,,2.0,45.72,41.57,-0.014,0.0,3.0,-0.0436,0.0,7.0
2021-05-12,210.54,0.0,-0.0032,8.0,53.62,0.0,-0.0038,11,-0.0015,4.0,0.0,45.64,41.18,-0.0034,0.0,5.0,0.0,0.0,5.0
2021-05-13,211.86,0.0,-0.0054,5.0,54.01,0.0,0.0,8,0.0037,1.0,3.0,46.4,41.84,0.0416,8.0,10.0,-0.1696,0.0,7.0
2021-05-14,217.66,0.0,-0.02,6.0,55.35,0.0,0.0,6,0.001,4.0,3.0,46.96,42.36,0.0056,3.0,1.0,0.0062,2.0,14.0
2021-05-17,215.06,0.0,,3.0,55.33,0.0,0.0,3,0.0,3.0,0.0,47.9,42.74,-0.0045,0.0,5.0,0.0,0.0,3.0
2021-05-18,214.33,0.0,-0.0129,1.0,54.84,0.0,-0.0003,6,0.0011,2.0,2.0,46.86,42.16,0.007,7.0,8.0,0.0079,2.0,7.0
2021-05-19,221.34,3.0,0.0306,12.0,55.36,0.0,-0.0001,9,-0.0048,2.0,1.0,46.17,41.97,-0.0003,0.0,82.0,-0.0024,0.0,5.0
2021-05-20,223.78,20.0,0.7172,36.0,55.95,1.0,-0.0003,9,-0.0031,7.0,1.0,45.73,41.87,0.0041,4.0,19.0,-0.004,1.0,2.0
2021-05-21,222.58,8.0,0.6801,7.0,56.08,0.0,0.0,11,-0.006,2.0,0.0,45.88,42.4,-0.0051,3.0,14.0,0.0,0.0,4.0
2021-05-24,226.99,1.0,0.0215,4.0,56.96,0.0,0.0,2,0.0,,0.0,46.24,42.63,-0.1207,0.0,7.0,,0.0,2.0
2021-05-25,227.71,0.0,0.0,6.0,56.87,1.0,0.0002,14,0.0008,,1.0,46.09,42.01,0.0025,3.0,10.0,0.0027,1.0,8.0
2021-05-26,229.68,3.0,0.0491,15.0,56.92,1.0,0.0003,6,-0.0037,1.0,0.0,46.4,42.04,-0.0292,2.0,6.0,0.0049,1.0,5.0
2021-05-27,225.83,3.0,0.0417,15.0,57.73,1.0,0.0003,13,-0.0004,3.0,0.0,46.76,42.55,0.0037,2.0,8.0,0.0,0.0,4.0
2021-05-28,238.1,55.0,0.6204,155.0,57.12,1.0,0.0002,13,-0.0016,4.0,0.0,46.72,42.39,0.0107,4.0,14.0,0.0,0.0,4.0
2021-05-31,,4.0,0.7908,6.0,,0.0,0.0,3,0.1432,2.0,1.0,,,0.0052,1.0,4.0,0.0,0.0,1.0
2021-06-01,236.2,0.0,0.0,8.0,56.89,0.0,-0.0009,6,0.0,1.0,0.0,47.26,42.92,0.0027,1.0,,0.0,0.0,6.0
2021-06-02,234.62,2.0,0.0159,13.0,57.48,0.0,-0.0013,11,0.0,1.0,0.0,46.81,42.94,-0.079,7.0,1.0,0.0,0.0,8.0
2021-06-03,230.84,1.0,0.0033,9.0,56.24,3.0,0.0039,9,0.0,2.0,0.0,46.46,43.25,-0.0242,2.0,2.0,0.0,0.0,6.0
2021-06-04,237.48,1.0,-0.0266,8.0,57.37,0.0,-0.0063,5,0.0139,5.0,2.0,46.96,43.27,0.0263,8.0,18.0,0.0,0.0,6.0
2021-06-07,238.14,1.0,0.4015,1.0,57.09,0.0,0.0,3,0.0,,0.0,47.11,43.12,-0.0085,0.0,3.0,0.0,0.0,2.0
2021-06-08,236.42,2.0,0.0793,5.0,57.0,2.0,0.0027,4,-0.0005,2.0,1.0,46.61,42.88,-0.0005,0.0,5.0,-0.013,1.0,4.0
2021-06-09,236.09,0.0,0.0,7.0,57.0,1.0,0.0002,5,-0.0047,3.0,0.0,45.92,42.32,0.0184,5.0,3.0,0.0038,2.0,11.0
2021-06-10,240.19,0.0,0.0,4.0,57.38,0.0,0.0,18,0.0214,1.0,3.0,45.09,41.69,0.005,4.0,7.0,0.1441,3.0,6.0
2021-06-11,240.31,0.0,0.0,18.0,57.85,0.0,-0.0002,16,-0.0342,1.0,2.0,45.68,41.86,-0.0035,2.0,9.0,-0.0051,2.0,4.0
2021-06-14,246.26,0.0,0.0,6.0,58.19,0.0,0.0,1,0.0,1.0,0.0,45.15,41.36,0.0047,1.0,3.0,0.0,0.0,3.0
2021-06-15,242.58,1.0,0.0364,29.0,57.99,0.0,-0.0004,15,0.0026,1.0,1.0,45.46,41.39,-0.009,2.0,15.0,-0.1683,0.0,7.0
2021-06-16,242.39,4.0,0.1114,1.0,57.22,0.0,0.0,26,0.0009,2.0,1.0,45.57,41.62,-0.0073,2.0,16.0,-0.0226,0.0,11.0
2021-06-17,244.43,0.0,0.0,7.0,57.18,0.0,-0.0002,12,-0.0175,2.0,1.0,42.79,39.8,-0.0146,0.0,11.0,-0.4151,0.0,5.0
2021-06-18,242.78,2.0,0.1221,3.0,55.67,0.0,-0.0041,13,-0.0148,10.0,0.0,41.75,38.78,-0.0056,2.0,18.0,-0.1828,1.0,6.0
2021-06-21,244.48,0.0,0.0,1.0,55.87,1.0,0.0019,1,0.0,1.0,0.0,43.28,39.75,0.0,0.0,9.0,0.0074,1.0,4.0
2021-06-22,243.11,0.0,0.0,4.0,55.87,2.0,0.0003,8,0.0026,4.0,1.0,43.54,39.97,0.0004,1.0,22.0,0.0,0.0,8.0
2021-06-23,241.84,1.0,0.0076,4.0,55.26,2.0,0.0001,11,-0.0087,1.0,0.0,43.96,40.2,0.0019,1.0,8.0,0.0,0.0,8.0
2021-06-24,243.77,1.0,0.0009,8.0,56.07,0.0,-0.0005,9,0.0029,,2.0,45.18,40.83,0.0027,2.0,6.0,0.0051,1.0,1.0
2021-06-25,241.87,1.0,0.0034,8.0,55.91,0.0,0.0,12,-0.0008,4.0,2.0,46.38,41.62,0.0426,10.0,16.0,0.003,3.0,13.0
2021-06-28,244.57,1.0,0.0166,7.0,57.48,0.0,0.0,5,0.0,1.0,0.0,45.79,41.56,0.0,0.0,2.0,0.0,0.0,1.0
2021-06-29,245.81,3.0,0.0215,13.0,56.75,2.0,0.0004,20,0.0164,16.0,8.0,44.79,40.89,0.0186,9.0,54.0,0.0089,5.0,17.0
2021-06-30,244.27,,,13.0,56.14,,,20,,8.0,,45.29,41.23,,,15.0,,,20.0
2021-07-01,244.98,1.0,0.0034,13.0,56.01,0.0,-0.0382,24,0.0026,4.0,2.0,45.41,41.54,-0.0215,1.0,5.0,0.0,0.0,16.0
2021-07-02,248.2,0.0,0.0,5.0,56.76,1.0,-0.002,17,-0.0431,1.0,0.0,45.07,41.15,0.0037,2.0,11.0,0.0069,1.0,11.0
2021-07-05,,1.0,0.2152,1.0,,2.0,0.0059,3,,1.0,0.0,,,0.0,0.0,4.0,0.0,0.0,1.0
2021-07-06,250.25,1.0,0.0656,2.0,56.09,2.0,0.0049,3,0.0,1.0,0.0,43.49,40.07,-0.0148,1.0,4.0,0.0,0.0,2.0
2021-07-07,248.44,0.0,0.0,12.0,55.96,0.0,0.0,13,-0.0226,4.0,1.0,43.4,39.75,-0.0066,2.0,10.0,0.0,0.0,3.0
2021-07-08,245.8,0.0,0.0,6.0,55.39,0.0,-0.0016,2,0.0028,2.0,2.0,42.32,38.78,-0.0088,2.0,10.0,-0.0011,1.0,7.0
2021-07-09,245.06,1.0,-0.6026,3.0,55.99,0.0,0.0,5,-0.0346,10.0,0.0,43.91,40.04,-0.0564,5.0,10.0,-0.0307,0.0,3.0
2021-07-12,242.91,4.0,0.7509,3.0,56.73,0.0,0.0,2,0.0055,,1.0,44.16,40.63,0.007,2.0,2.0,-0.0166,1.0,
2021-07-13,244.02,0.0,0.0,10.0,56.87,1.0,0.0017,11,-0.0217,4.0,0.0,43.23,39.86,0.0044,3.0,13.0,-0.0012,1.0,9.0
2021-07-14,242.43,0.0,0.0,6.0,56.52,1.0,0.0011,11,-0.0287,4.0,12.0,44.95,38.86,0.1037,50.0,40.0,0.009,8.0,10.0
2021-07-15,237.58,0.0,0.0,6.0,55.81,0.0,-0.0025,10,0.2044,37.0,43.0,45.0,38.83,-0.2051,34.0,37.0,-0.1348,31.0,74.0
2021-07-16,238.43,0.0,-0.0367,13.0,54.97,4.0,-0.0038,33,-0.0079,5.0,2.0,44.28,37.92,0.017,5.0,7.0,0.0,0.0,7.0
2021-07-19,237.55,0.0,0.0,2.0,54.64,3.0,0.0109,7,0.0,1.0,0.0,43.05,36.93,0.0305,2.0,,0.0773,2.0,5.0
2021-07-20,240.11,0.0,0.0,14.0,55.24,0.0,-0.0013,10,-0.0727,,0.0,44.84,37.69,-0.0118,3.0,10.0,-0.0147,0.0,6.0
2021-07-21,242.11,0.0,0.0,12.0,56.23,5.0,0.0029,17,-0.0149,4.0,3.0,45.8,38.46,0.0185,5.0,11.0,0.0,0.0,6.0
2021-07-22,248.28,0.0,0.0,19.0,55.96,5.0,0.0051,22,0.0,5.0,0.0,45.03,37.96,0.0129,6.0,28.0,0.0369,3.0,7.0
2021-07-23,248.25,4.0,0.1112,19.0,53.0,38.0,-0.1051,219,-0.0013,1.0,1.0,44.59,37.7,-0.0103,3.0,10.0,0.0,0.0,18.0
2021-07-26,247.6,0.0,,4.0,54.31,1.0,-0.0025,4,0.0,,0.0,45.01,38.13,0.021,1.0,6.0,,0.0,1.0
2021-07-27,243.51,1.0,0.0416,2.0,53.18,1.0,-0.0063,33,0.0,2.0,0.0,45.14,37.98,0.0267,5.0,12.0,0.0,0.0,8.0
2021-07-28,243.96,0.0,-0.0122,5.0,53.07,0.0,-0.0223,36,-0.0008,19.0,0.0,45.51,38.13,0.0188,2.0,6.0,0.0,0.0,6.0
2021-07-29,244.04,0.0,0.0,3.0,53.7,4.0,0.0042,24,-0.0021,2.0,1.0,46.5,38.68,-0.0073,1.0,5.0,0.0059,1.0,6.0
2021-07-30,241.93,0.0,0.0,3.0,53.72,3.0,-0.0033,7,0.0,8.0,0.0,45.94,38.36,0.0098,3.0,10.0,0.0133,2.0,8.0
2021-08-02,240.86,0.0,0.0,2.0,53.68,1.0,0.001,2,0.0,,0.0,45.79,37.96,0.0,0.0,5.0,0.0,0.0,3.0
2021-08-03,241.13,0.0,-0.0078,2.0,54.06,2.0,0.0049,21,0.0,,0.0,46.83,38.55,-0.0087,1.0,6.0,-0.002,0.0,2.0
2021-08-04,244.17,1.0,0.0231,1.0,53.9,4.0,0.0044,11,0.0,1.0,0.0,46.15,38.27,0.0153,3.0,9.0,-0.0157,0.0,11.0
2021-08-05,250.56,0.0,0.0,10.0,53.89,5.0,0.0183,13,0.0021,4.0,1.0,46.99,39.02,-0.0584,1.0,5.0,0.0,0.0,9.0
2021-08-06,250.59,3.0,0.2463,20.0,53.92,0.0,0.0,8,0.0002,7.0,1.0,48.77,40.15,0.0603,6.0,4.0,0.0,0.0,3.0
2021-08-09,249.32,0.0,0.0,4.0,54.05,0.0,0.0,4,0.0,5.0,0.0,48.65,40.67,0.0,0.0,,0.0,0.0,16.0
2021-08-10,243.39,1.0,0.142,10.0,53.94,0.0,-0.0006,8,-0.0053,5.0,1.0,49.63,41.43,0.0098,3.0,9.0,-0.0005,0.0,7.0
2021-08-11,242.28,1.0,0.0083,4.0,54.14,0.0,-0.0002,14,-0.0062,4.0,1.0,50.66,41.95,-0.0042,1.0,13.0,0.0005,1.0,11.0
2021-08-12,248.39,0.0,0.0,4.0,53.54,0.0,0.0,5,0.0,5.0,0.0,51.15,42.15,0.0139,4.0,9.0,-0.0024,0.0,6.0
2021-08-13,251.56,0.0,0.0,13.0,53.49,2.0,-0.0297,8,0.0,1.0,0.0,50.37,41.63,0.0314,4.0,13.0,0.0,0.0,6.0
2021-08-16,249.2,0.0,,,53.47,0.0,0.0,6,0.0,,0.0,49.41,41.29,-0.007,0.0,3.0,,0.0,2.0
2021-08-17,246.99,0.0,-0.1373,4.0,52.69,0.0,0.0,12,0.0,,0.0,48.71,41.09,-0.0055,2.0,8.0,0.0,0.0,1.0
2021-08-18,251.22,3.0,0.0182,12.0,52.19,0.0,0.0,13,-0.0005,4.0,0.0,47.97,40.79,-0.0102,0.0,5.0,0.0,0.0,7.0
2021-08-19,253.07,10.0,0.2717,49.0,52.44,5.0,0.0117,9,0.005,1.0,3.0,47.25,40.19,-0.0051,1.0,4.0,0.0,0.0,8.0
2021-08-20,256.13,4.0,0.7724,11.0,52.01,0.0,-0.0002,17,-0.0003,1.0,0.0,47.42,40.37,0.0192,6.0,12.0,0.0,0.0,4.0
2021-08-23,260.52,4.0,0.237,14.0,53.23,0.0,0.0,6,0.0,0.0,0.0,47.61,40.91,0.0,0.0,1.0,0.0,0.0,0.0
2021-08-24,259.66,6.0,0.1928,19.0,53.81,4.0,0.0067,13,-0.0006,3.0,0.0,48.36,41.48,0.0029,1.0,6.0,-0.1586,0.0,7.0
2021-08-25,260.85,3.0,0.0433,14.0,53.81,1.0,0.0001,10,0.001,4.0,1.0,49.29,42.15,0.0059,2.0,6.0,0.0,0.0,5.0
2021-08-26,267.79,62.0,0.5026,205.0,53.13,0.0,0.0,5,-0.0024,5.0,0.0,49.05,42.04,0.031,5.0,7.0,-0.0021,1.0,4.0
2021-08-27,266.53,50.0,0.6237,149.0,53.89,0.0,0.0,8,0.003,11.0,2.0,49.81,42.49,0.0004,2.0,6.0,0.0,0.0,5.0
2021-08-30,264.97,2.0,0.0945,4.0,53.94,0.0,0.0,3,0.0145,1.0,1.0,48.41,41.66,0.0106,1.0,3.0,0.0172,1.0,10.0
2021-08-31,265.27,0.0,0.0,9.0,54.06,0.0,0.0,9,0.072,1.0,3.0,45.7,41.75,-0.01,0.0,1.0,-0.608,0.0,22.0
2021-09-01,268.32,0.0,0.0,6.0,53.67,0.0,0.0,5,-0.586,3.0,4.0,43.45,41.19,0.0269,6.0,2.0,-0.3355,0.0,24.0
2021-09-02,264.15,1.0,0.0067,14.0,53.73,1.0,-0.0004,5,-0.3693,3.0,1.0,44.57,41.02,-0.0147,0.0,3.0,0.0,0.0,6.0
2021-09-03,267.08,0.0,0.0,11.0,53.51,1.0,0.0003,4,0.0078,6.0,2.0,44.17,41.05,0.0006,1.0,7.0,0.0061,1.0,6.0
2021-09-06,,0.0,,2.0,,0.0,0.0,2,0.3757,0.0,1.0,,,0.0,0.0,2.0,0.0,0.0,2.0
2021-09-07,265.21,0.0,0.0,4.0,53.65,0.0,-0.0045,7,0.0,0.0,0.0,44.31,41.32,0.0709,2.0,1.0,0.0,0.0,3.0
2021-09-08,262.62,1.0,0.0451,2.0,53.57,1.0,0.0001,40,0.0097,1.0,1.0,43.82,40.78,0.0187,3.0,3.0,-0.0107,0.0,0.0
2021-09-09,260.74,0.0,0.0,14.0,53.4,0.0,-0.0004,19,0.0,1.0,0.0,44.36,40.93,-0.0004,1.0,5.0,0.0,0.0,8.0
2021-09-10,257.2,0.0,-0.0127,6.0,53.84,0.0,-0.0055,7,-0.6119,7.0,3.0,44.33,40.27,-0.0024,0.0,10.0,-0.0098,0.0,6.0
2021-09-13,254.11,0.0,0.0,7.0,54.99,1.0,-0.0138,2,-0.518,1.0,0.0,45.76,40.94,0.0,0.0,0.0,0.0,0.0,4.0
2021-09-14,254.37,5.0,0.0059,12.0,54.52,7.0,0.0906,16,-0.4687,6.0,1.0,46.05,39.84,0.0084,7.0,10.0,0.0187,1.0,2.0
2021-09-15,256.16,2.0,-0.0064,8.0,55.12,0.0,-0.0017,2,-0.1784,5.0,2.0,46.64,40.14,0.0211,9.0,30.0,-0.0707,0.0,2.0
2021-09-16,260.36,3.0,0.0071,11.0,54.83,3.0,0.0083,11,-0.0051,1.0,1.0,46.28,40.45,0.0185,7.0,31.0,0.0118,1.0,5.0
2021-09-17,260.53,4.0,0.0061,7.0,54.26,0.0,-0.0577,7,-0.1533,1.0,0.0,46.47,40.5,-0.0124,4.0,17.0,-0.0043,0.0,1.0
2021-09-20,258.22,0.0,-0.0006,9.0,52.98,0.0,0.0,0,0.0562,2.0,2.0,45.81,39.11,0.0,0.0,6.0,0.0,0.0,0.0
2021-09-21,257.97,0.0,-0.0022,24.0,52.87,2.0,-0.0107,6,-0.0609,0.0,0.0,45.85,39.13,-0.0571,0.0,5.0,-0.2632,0.0,1.0
2021-09-22,259.17,2.0,-0.0003,19.0,53.5,0.0,-0.0005,7,-0.0074,1.0,0.0,47.08,40.14,-0.0055,0.0,6.0,-0.0037,0.0,6.0
2021-09-23,277.86,28.0,0.1417,50.0,54.03,1.0,0.0001,9,0.0203,5.0,3.0,47.8,41.69,0.0021,3.0,10.0,0.0066,2.0,9.0
2021-09-24,285.63,97.0,0.6166,164.0,54.22,1.0,0.0005,5,0.0306,3.0,3.0,47.92,42.14,-0.0492,4.0,9.0,0.0109,2.0,11.0
2021-09-27,279.68,4.0,0.0658,7.0,54.66,0.0,0.0,2,0.0,0.0,0.0,47.56,43.26,-0.0945,0.0,4.0,0.0,0.0,6.0
2021-09-28,272.28,3.0,-0.0078,13.0,54.0,1.0,0.0004,8,-0.7546,4.0,0.0,45.92,43.16,0.0202,4.0,16.0,-0.1439,2.0,8.0
2021-09-29,270.5,0.0,-0.272,9.0,53.49,0.0,-0.0011,5,-0.3674,1.0,0.0,47.03,43.07,-0.0101,1.0,11.0,-0.0133,0.0,2.0
2021-09-30,271.22,3.0,-0.0091,15.0,53.28,0.0,-0.005,0,0.0008,3.0,1.0,46.41,42.45,-0.0289,3.0,10.0,-0.2242,1.0,10.0
2021-10-01,275.26,1.0,-0.0177,17.0,53.86,0.0,-0.0002,5,-0.0178,0.0,0.0,47.02,43.08,-0.0198,2.0,7.0,-0.0055,0.0,12.0
2021-10-04,270.86,0.0,0.0,6.0,53.47,0.0,-0.0007,5,0.0,4.0,0.0,47.02,43.34,0.0,0.0,11.0,0.0,0.0,2.0
2021-10-05,271.77,0.0,-0.0824,7.0,53.95,4.0,0.0086,11,-0.0174,3.0,2.0,47.96,44.22,-0.0029,3.0,24.0,-0.0017,0.0,6.0
2021-10-06,275.27,3.0,0.0056,5.0,53.98,1.0,-0.001,2,0.004,6.0,3.0,47.87,44.24,0.0083,5.0,27.0,0.0075,2.0,2.0
2021-10-07,274.58,8.0,0.0398,9.0,54.18,1.0,0.0003,7,-0.0009,1.0,0.0,47.76,44.12,-0.0018,2.0,25.0,-0.0029,1.0,3.0
2021-10-08,272.48,0.0,-0.0182,6.0,53.81,1.0,0.0007,13,0.0108,8.0,5.0,48.0,44.34,0.0073,5.0,25.0,0.1203,4.0,1.0
2021-10-11,273.75,1.0,0.0124,2.0,53.44,0.0,0.0,1,0.1214,3.0,3.0,47.28,43.78,0.0056,2.0,4.0,0.0572,2.0,9.0
2021-10-12,279.0,3.0,0.0118,7.0,52.17,0.0,-0.0008,6,-0.1255,11.0,1.0,46.65,43.54,-0.0141,4.0,20.0,-0.0084,1.0,20.0
2021-10-13,284.41,6.0,0.0329,11.0,52.26,1.0,-0.0047,14,0.0021,2.0,1.0,46.05,43.14,0.0063,4.0,8.0,-0.0051,1.0,2.0
2021-10-14,290.02,6.0,0.0897,9.0,53.9,1.0,0.0002,5,0.1572,20.0,29.0,45.31,45.07,0.2514,64.0,67.0,0.0123,6.0,5.0
2021-10-15,291.66,3.0,0.0405,9.0,54.46,3.0,0.0114,20,-0.1159,36.0,23.0,48.38,46.37,0.4896,93.0,107.0,0.2758,49.0,76.0
2021-10-18,291.7,0.0,0.0,6.0,54.47,6.0,0.0523,4,0.0,7.0,0.0,49.43,46.28,0.0013,1.0,12.0,0.0,0.0,0.0
2021-10-19,292.34,4.0,0.1292,3.0,55.21,0.0,-0.0048,6,0.1064,5.0,3.0,50.34,46.48,-0.0402,1.0,7.0,0.0494,2.0,0.0
2021-10-20,290.09,3.0,0.016,9.0,55.37,3.0,0.0049,13,0.0049,8.0,1.0,50.16,47.09,0.0015,2.0,25.0,0.0094,2.0,5.0
2021-10-21,289.81,0.0,-0.0119,14.0,56.0,4.0,0.0115,21,-0.011,5.0,0.0,50.33,46.83,0.0912,14.0,20.0,0.0016,1.0,4.0
2021-10-22,292.56,2.0,-0.0284,9.0,49.46,29.0,-0.2909,152,0.0106,7.0,1.0,50.66,47.57,-0.006,1.0,13.0,-0.0146,1.0,3.0
2021-10-25,293.92,0.0,0.0,1.0,49.41,0.0,-0.0147,12,0.0,1.0,0.0,50.62,47.51,0.0166,2.0,6.0,0.0098,2.0,2.0
2021-10-26,295.11,3.0,0.0133,6.0,48.28,2.0,-0.0326,34,0.0096,3.0,4.0,50.63,47.96,0.0302,8.0,7.0,0.0114,7.0,13.0
2021-10-27,295.15,2.0,0.0047,15.0,47.89,2.0,-0.0134,67,0.0017,8.0,1.0,50.05,47.04,0.0058,4.0,7.0,-0.0018,1.0,16.0
2021-10-28,298.38,2.0,0.0021,9.0,48.08,1.0,-0.0008,38,-0.059,3.0,0.0,51.36,47.78,-0.0078,4.0,13.0,-0.0058,0.0,10.0
2021-10-29,299.69,2.0,0.0013,5.0,49.0,1.0,-0.0035,35,0.0211,3.0,2.0,51.16,47.78,0.0194,6.0,4.0,0.0007,1.0,9.0
2021-11-01,302.76,1.0,0.0123,2.0,49.55,0.0,0.0,9,0.0,2.0,0.0,51.71,47.85,-0.1358,0.0,2.0,0.0,0.0,0.0
2021-11-02,302.95,10.0,0.1823,21.0,49.86,4.0,0.0062,31,-0.0734,2.0,3.0,51.3,47.88,-0.0082,2.0,26.0,0.4728,2.0,0.0
2021-11-03,302.89,4.0,0.0377,3.0,50.39,1.0,-0.0019,14,-0.0137,1.0,3.0,52.0,48.37,0.0109,3.0,9.0,-0.0041,0.0,10.0
2021-11-04,308.04,2.0,-0.015,7.0,50.31,1.0,0.0003,17,0.1252,0.0,3.0,50.62,47.33,0.0716,6.0,4.0,0.0164,1.0,10.0
2021-11-05,307.25,3.0,0.069,9.0,50.92,0.0,-0.0022,34,-0.1426,4.0,1.0,50.44,46.97,-0.0135,1.0,6.0,-0.0305,0.0,3.0
2021-11-08,309.96,0.0,0.0,3.0,51.55,0.0,0.0,17,0.0,1.0,0.0,50.87,47.34,0.0121,1.0,5.0,-0.1134,2.0,2.0
2021-11-09,309.71,7.0,0.0927,7.0,51.2,10.0,0.0338,28,0.0107,1.0,2.0,49.89,46.88,0.024,4.0,5.0,0.0294,8.0,4.0
2021-11-10,299.67,0.0,-0.0045,3.0,50.76,0.0,-0.0022,9,-0.002,4.0,0.0,50.36,47.23,-0.0041,3.0,21.0,-0.002,0.0,2.0
2021-11-11,302.98,0.0,-0.0783,2.0,50.53,0.0,-0.0005,11,-0.0157,1.0,0.0,50.59,47.49,0.0278,3.0,33.0,-0.0168,0.0,9.0
2021-11-12,306.65,3.0,0.0194,5.0,50.31,2.0,0.0051,9,0.0082,2.0,1.0,50.96,46.91,0.0316,3.0,16.0,0.0059,1.0,18.0
2021-11-15,305.49,2.0,0.0391,0.0,50.32,1.0,0.003,5,,3.0,0.0,51.08,47.05,0.0,0.0,1.0,0.0,0.0,1.0
2021-11-16,307.09,1.0,-0.0035,7.0,50.61,1.0,-0.0008,15,0.0042,3.0,1.0,50.37,47.08,-0.0868,3.0,7.0,-0.0222,0.0,18.0
2021-11-17,308.02,6.0,0.0322,6.0,50.23,7.0,0.0129,31,-0.005,2.0,0.0,49.84,46.51,0.012,4.0,8.0,-0.0518,0.0,17.0
2021-11-18,302.99,1.0,-0.008,2.0,49.68,0.0,-0.0069,27,0.0127,0.0,2.0,49.9,46.32,-0.0401,3.0,6.0,-0.0212,0.0,7.0
2021-11-19,301.17,0.0,-0.0327,6.0,49.52,0.0,-0.0365,21,0.0021,3.0,1.0,48.82,45.4,-0.024,1.0,7.0,0.015,1.0,5.0
2021-11-22,296.84,0.0,0.0,4.0,49.83,0.0,0.0,2,0.0,0.0,0.0,50.34,46.28,0.0,0.0,3.0,0.0,0.0,0.0
2021-11-23,291.42,3.0,-0.0283,9.0,49.1,1.0,0.0003,21,0.0544,7.0,9.0,51.4,47.5,0.0751,8.0,14.0,0.0649,7.0,5.0
2021-11-24,289.17,6.0,-0.0849,15.0,49.76,1.0,-0.0022,10,0.0006,2.0,1.0,51.31,47.63,-0.0269,3.0,27.0,0.0029,1.0,7.0
2021-11-25,,0.0,-0.293,6.0,,1.0,0.002,4,-0.0104,1.0,0.0,,,0.0157,2.0,11.0,-0.0015,0.0,3.0
2021-11-26,284.21,1.0,0.0146,0.0,48.78,0.0,0.0,4,0.0,2.0,0.0,48.43,45.76,-0.0197,0.0,4.0,-0.0232,1.0,0.0
2021-11-29,296.74,2.0,0.0854,2.0,50.0,0.0,0.0,2,0.0,0.0,0.0,49.16,45.59,0.0126,1.0,5.0,0.0,0.0,1.0
2021-11-30,284.96,16.0,0.1981,24.0,49.2,1.0,0.0003,11,0.0131,1.0,5.0,47.78,44.47,0.024,4.0,8.0,-0.2795,0.0,4.0
2021-12-01,251.5,36.0,-0.157,171.0,48.6,0.0,-0.0006,8,-0.006,3.0,0.0,47.21,43.84,-0.0587,1.0,6.0,-0.255,0.0,20.0
2021-12-02,261.2,10.0,-0.2059,99.0,49.5,0.0,-0.0079,9,-0.0007,2.0,0.0,48.91,44.89,-0.0059,0.0,7.0,-0.0029,0.0,7.0
2021-12-03,258.32,4.0,-0.0531,21.0,49.25,3.0,0.0066,7,0.0017,2.0,1.0,47.75,43.87,-0.0152,2.0,9.0,0.0035,2.0,5.0
2021-12-06,258.75,2.0,0.0956,6.0,50.99,0.0,0.0,3,0.0,1.0,0.0,48.81,44.15,0.0,0.0,3.0,0.0,0.0,2.0
2021-12-07,266.99,4.0,0.0093,14.0,52.57,39.0,0.0854,99,0.0218,6.0,3.0,50.25,44.71,-0.0719,5.0,8.0,0.0417,3.0,2.0
2021-12-08,266.31,4.0,0.0064,19.0,51.75,59.0,0.3532,106,-0.0193,4.0,0.0,49.41,44.16,-0.0044,3.0,6.0,0.0143,3.0,1.0
2021-12-09,264.32,0.0,-0.0419,7.0,50.48,2.0,-0.0024,15,-0.0319,2.0,1.0,49.69,44.49,-0.0056,0.0,3.0,0.0786,12.0,5.0
2021-12-10,266.03,1.0,-0.0316,7.0,50.59,2.0,-0.0386,20,-0.106,1.0,2.0,50.2,44.52,-0.0026,3.0,5.0,-0.0061,1.0,4.0
2021-12-13,265.76,0.0,0.0,4.0,50.0,0.0,0.0,13,0.0024,2.0,1.0,48.56,43.58,0.0108,3.0,3.0,0.023,1.0,0.0
2021-12-14,255.59,2.0,-0.0306,11.0,49.7,1.0,-0.0009,13,-0.0425,3.0,2.0,48.89,44.13,-0.0058,2.0,6.0,-0.0041,1.0,4.0
2021-12-15,260.04,0.0,-0.0942,6.0,50.67,0.0,-0.0008,15,-0.0052,1.0,0.0,48.94,43.94,0.0049,4.0,11.0,-0.0007,0.0,6.0
2021-12-16,253.12,3.0,0.0087,7.0,50.83,1.0,0.0001,22,0.0044,3.0,1.0,50.3,45.0,-0.0174,2.0,10.0,0.0828,3.0,8.0
2021-12-17,252.93,1.0,-0.0139,4.0,50.62,0.0,-0.0009,9,-0.0217,5.0,0.0,47.95,43.88,-0.0051,2.0,7.0,0.0021,2.0,8.0
2021-12-20,247.21,1.0,0.0128,1.0,49.6,0.0,0.0,2,0.0,1.0,0.0,46.85,43.16,0.0014,1.0,7.0,0.0233,1.0,5.0
2021-12-21,252.55,1.0,-0.0492,4.0,50.77,2.0,0.0037,5,-0.086,2.0,0.0,47.81,44.19,-0.0181,1.0,11.0,-0.0588,1.0,20.0
2021-12-22,252.8,4.0,0.0351,1.0,50.97,4.0,0.003,19,0.0027,2.0,1.0,48.03,44.28,0.0185,4.0,9.0,0.0051,1.0,13.0
2021-12-23,253.14,5.0,0.0733,8.0,51.31,1.0,0.0001,14,0.0314,1.0,2.0,48.36,44.42,0.1099,8.0,7.0,0.0016,2.0,26.0
2021-12-24,,4.0,0.0938,1.0,,4.0,0.0032,15,0.1097,0.0,2.0,,,0.0042,2.0,2.0,0.0109,2.0,8.0
2021-12-27,258.3,0.0,0.0,1.0,51.94,0.0,0.0,1,0.0889,0.0,1.0,48.77,44.64,0.0037,1.0,4.0,0.0,0.0,0.0
2021-12-28,255.45,7.0,0.3882,15.0,51.76,3.0,0.0328,7,0.0229,1.0,1.0,48.42,44.7,0.0681,3.0,1.0,-0.0826,1.0,1.0
2021-12-29,254.54,2.0,-0.4001,1.0,51.83,0.0,-0.0014,4,0.0649,0.0,2.0,48.45,44.63,0.0305,2.0,3.0,-0.1847,0.0,0.0
2021-12-30,255.33,0.0,-0.3413,0.0,51.74,1.0,0.0003,5,0.0226,1.0,1.0,48.1,44.53,0.1535,3.0,5.0,-0.0306,0.0,7.0
2021-12-31,254.13,4.0,0.1082,9.0,51.5,0.0,-0.0035,12,-0.4207,2.0,0.0,47.98,44.49,-0.1992,2.0,1.0,-0.005,1.0,15.0
2022-01-03,255.46,0.0,0.0,4.0,53.21,0.0,-0.0018,6,0.0,0.0,0.0,50.73,46.18,0.0444,3.0,3.0,0.0,0.0,4.0
2022-01-04,248.23,3.0,0.0264,3.0,53.14,3.0,0.0027,24,0.1204,3.0,7.0,52.75,47.99,0.0292,4.0,14.0,0.109,3.0,11.0
2022-01-05,227.67,1.0,-0.2151,7.0,53.87,6.0,0.0006,39,0.0211,7.0,4.0,52.29,47.18,0.0258,6.0,17.0,0.209,3.0,9.0
2022-01-06,229.15,2.0,-0.7788,36.0,54.01,13.0,0.0264,76,0.132,3.0,7.0,53.63,48.13,-0.0116,4.0,22.0,-0.0105,0.0,7.0
2022-01-07,228.31,2.0,-0.0991,13.0,53.44,0.0,-0.0002,16,-0.0191,3.0,1.0,54.77,49.18,0.0034,3.0,16.0,0.0699,3.0,6.0
2022-01-10,229.63,0.0,-0.0257,5.0,55.21,1.0,0.0011,4,0.0275,3.0,1.0,55.35,48.93,0.0041,1.0,4.0,0.0019,1.0,9.0
2022-01-11,234.84,2.0,-0.006,13.0,55.91,18.0,0.0243,87,0.7139,2.0,12.0,56.06,49.21,-0.1209,3.0,11.0,-0.2116,4.0,13.0
2022-01-12,237.83,8.0,0.2063,16.0,55.74,8.0,0.0161,35,0.0048,2.0,3.0,56.4,48.86,0.0142,14.0,8.0,0.0161,4.0,7.0
2022-01-13,228.63,5.0,0.0072,19.0,54.94,1.0,-0.0008,21,0.004,15.0,2.0,56.0,48.76,0.0105,7.0,12.0,0.006,6.0,9.0
2022-01-14,231.23,1.0,-0.066,9.0,55.7,0.0,-0.0082,14,0.2392,47.0,51.0,58.06,47.91,0.0133,6.0,5.0,0.0033,9.0,22.0
2022-01-17,,0.0,0.0,3.0,,1.0,0.0112,6,0.1363,2.0,3.0,,,0.0176,1.0,0.0,0.0066,2.0,3.0
2022-01-18,226.06,0.0,0.0,6.0,54.76,1.0,0.0005,14,0.1618,2.0,2.0,56.69,46.26,0.0025,1.0,6.0,0.0401,12.0,0.0
2022-01-19,226.27,0.0,-0.0109,10.0,53.62,2.0,-0.0026,29,-0.0033,5.0,1.0,55.57,46.44,0.1656,62.0,38.0,0.0184,10.0,8.0
2022-01-20,222.94,2.0,-0.007,8.0,52.04,2.0,-0.0047,24,-0.0356,6.0,1.0,55.0,45.75,0.3382,67.0,92.0,0.0194,8.0,5.0
2022-01-21,218.63,0.0,-0.1292,6.0,52.04,4.0,0.0008,41,-0.0238,6.0,4.0,53.67,44.92,0.016,10.0,14.0,0.025,8.0,3.0
2022-01-24,223.03,0.0,0.0,2.0,51.94,3.0,0.0146,5,-0.4847,1.0,0.0,53.32,44.55,0.0081,1.0,4.0,0.7338,12.0,1.0
2022-01-25,215.39,3.0,0.01,6.0,51.0,0.0,-0.0026,10,0.0173,1.0,3.0,53.59,45.43,-0.0179,4.0,13.0,-0.0173,2.0,5.0
2022-01-26,211.0,1.0,-0.0431,10.0,51.69,2.0,-0.2943,23,0.0116,9.0,4.0,54.14,45.9,0.0055,6.0,21.0,0.0291,6.0,4.0
2022-01-27,212.74,2.0,-0.0082,7.0,48.05,26.0,-0.2275,181,0.0469,2.0,4.0,53.76,45.47,-0.0066,4.0,14.0,0.0408,9.0,7.0
2022-01-28,222.13,6.0,0.0378,3.0,47.73,6.0,-0.3851,82,-0.0565,1.0,1.0,54.19,45.87,-0.0023,0.0,3.0,-0.0709,11.0,12.0
2022-01-31,232.63,0.0,0.0,5.0,48.82,3.0,-0.0052,7,0.0,1.0,0.0,53.8,46.14,0.0503,4.0,4.0,0.1958,11.0,9.0
2022-02-01,232.12,11.0,0.3887,10.0,48.95,3.0,0.0079,17,0.0137,2.0,2.0,55.6,46.94,0.1504,8.0,7.0,0.2977,15.0,10.0
2022-02-02,225.01,1.0,-0.0452,9.0,49.51,8.0,0.0374,29,0.0028,5.0,1.0,55.93,46.89,0.0191,5.0,8.0,0.0764,12.0,2.0
2022-02-03,212.77,0.0,-0.0105,3.0,48.28,4.0,0.0043,15,-0.4836,1.0,2.0,55.17,46.43,-0.0028,2.0,10.0,0.0953,9.0,2.0
2022-02-04,219.23,4.0,-0.1721,12.0,48.01,1.0,-0.0071,9,-0.0712,0.0,0.0,56.33,48.28,-0.0149,0.0,4.0,0.0337,7.0,5.0
2022-02-07,216.97,1.0,-0.0056,3.0,48.18,3.0,0.0371,0,0.1133,5.0,1.0,57.33,48.51,0.1636,4.0,12.0,0.4106,8.0,0.0
2022-02-08,217.43,1.0,-0.0542,1.0,48.81,2.0,-0.0007,13,0.0041,3.0,1.0,58.75,49.38,-0.0136,7.0,14.0,0.1248,13.0,8.0
2022-02-09,222.04,3.0,0.0044,3.0,49.91,2.0,0.0039,9,0.0011,2.0,1.0,59.06,49.28,0.0554,8.0,35.0,0.1611,10.0,5.0
2022-02-10,217.67,4.0,0.0096,4.0,48.86,6.0,0.0219,12,0.0017,1.0,1.0,59.05,49.05,-0.0233,4.0,7.0,0.0612,6.0,11.0
2022-02-11,207.9,1.0,-0.0268,6.0,47.63,0.0,-0.0081,11,0.0095,2.0,5.0,58.31,47.92,-0.0269,5.0,11.0,-0.332,11.0,12.0
2022-02-14,206.4,0.0,0.0,1.0,47.58,0.0,-0.0004,1,-0.134,0.0,0.0,57.85,47.42,-0.0066,1.0,7.0,0.0397,6.0,3.0
2022-02-15,214.25,1.0,-0.0284,6.0,48.44,28.0,0.0195,147,-0.1397,4.0,0.0,58.38,47.79,-0.0145,5.0,6.0,-0.01,3.0,5.0
2022-02-16,211.74,5.0,0.068,11.0,48.23,16.0,0.0233,127,0.0057,0.0,1.0,58.14,47.68,0.0091,4.0,7.0,0.1672,12.0,2.0
2022-02-17,200.03,1.0,-0.5765,4.0,47.57,7.0,-0.0216,26,-0.0372,2.0,0.0,56.15,46.07,-0.0102,4.0,5.0,0.0098,4.0,4.0
2022-02-18,196.84,0.0,-0.3898,7.0,45.04,16.0,0.0086,37,-0.0247,6.0,0.0,55.63,45.96,-0.003,0.0,4.0,0.1489,12.0,1.0
2022-02-21,,3.0,0.0482,1.0,,2.0,0.0019,20,0.0,2.0,0.0,,,0.095,1.0,1.0,0.0276,2.0,1.0
2022-02-22,195.13,1.0,0.002,3.0,44.69,1.0,0.0004,9,0.0,0.0,0.0,55.28,45.56,0.0083,2.0,0.0,0.0862,7.0,0.0
2022-02-23,190.54,0.0,-0.0092,2.0,44.65,4.0,-0.0096,49,-0.0322,0.0,0.0,53.95,44.78,-0.0341,1.0,2.0,0.0269,6.0,1.0
2022-02-24,204.29,0.0,-0.0198,7.0,46.72,7.0,0.0082,25,-0.2949,1.0,0.0,52.71,43.6,-0.026,2.0,6.0,0.0088,5.0,0.0
2022-02-25,208.09,9.0,0.1073,15.0,47.71,5.0,0.0029,23,-0.0377,1.0,1.0,54.11,45.02,-0.073,0.0,7.0,-0.0521,0.0,1.0
2022-02-28,210.53,0.0,-0.0235,4.0,47.7,0.0,-0.0051,4,-0.078,3.0,0.0,53.37,44.2,-0.0816,2.0,5.0,-0.1841,2.0,1.0
2022-03-01,208.89,7.0,0.0615,15.0,46.82,0.0,-0.0115,11,-0.3332,1.0,1.0,50.29,42.47,-0.0886,1.0,9.0,-0.352,1.0,4.0
2022-03-02,210.39,61.0,0.4014,170.0,48.87,0.0,-0.0011,44,-0.1101,2.0,0.0,52.22,43.16,-0.0148,0.0,7.0,-0.0569,6.0,0.0
2022-03-03,204.75,18.0,0.1047,68.0,47.93,5.0,0.006,32,0.0047,1.0,2.0,51.24,42.49,-0.0271,4.0,6.0,-0.0414,17.0,12.0
2022-03-04,203.01,2.0,-0.286,4.0,48.07,2.0,-0.014,12,-0.3045,4.0,0.0,48.79,40.95,-0.0262,0.0,4.0,-0.1051,8.0,12.0
2022-03-07,196.23,1.0,0.0087,2.0,47.68,0.0,0.0,7,0.0,0.0,0.0,45.81,38.34,-0.0903,0.0,3.0,0.2589,7.0,0.0
2022-03-08,192.08,3.0,-0.0275,3.0,47.5,5.0,-0.0047,20,-0.0334,1.0,0.0,46.46,38.59,-0.017,2.0,9.0,-0.0365,10.0,3.0
2022-03-09,203.16,3.0,-0.0311,4.0,47.63,1.0,-0.0003,16,-0.0045,2.0,0.0,49.16,41.04,0.035,11.0,15.0,0.0857,9.0,0.0
2022-03-10,200.15,16.0,0.1668,9.0,46.66,3.0,0.0078,5,0.1155,0.0,5.0,49.01,40.67,0.0428,8.0,4.0,0.0608,13.0,4.0
2022-03-11,197.9,1.0,-0.0873,0.0,45.83,0.0,-0.019,9,-0.0074,1.0,0.0,48.47,40.33,-0.0091,3.0,8.0,0.1218,16.0,4.0
2022-03-14,193.12,1.0,0.0142,2.0,44.4,0.0,-0.0024,7,-0.0434,0.0,0.0,49.86,41.2,0.0,0.0,2.0,0.7774,9.0,0.0
2022-03-15,196.14,1.0,-0.0544,2.0,44.81,1.0,-0.02,10,0.0059,11.0,4.0,50.11,41.5,-0.0421,4.0,8.0,0.0299,14.0,2.0
2022-03-16,205.57,7.0,0.0359,0.0,46.63,4.0,0.0007,53,0.0074,2.0,4.0,51.6,42.8,0.0115,5.0,25.0,0.0147,5.0,1.0
2022-03-17,210.41,6.0,0.0544,8.0,47.14,6.0,0.0099,19,0.0233,12.0,5.0,51.48,43.03,0.0664,5.0,11.0,0.0171,10.0,9.0
2022-03-18,218.8,6.0,0.0515,4.0,47.45,2.0,0.0019,12,-0.18,8.0,0.0,51.42,42.9,0.0486,6.0,13.0,0.0126,8.0,1.0
2022-03-21,213.72,2.0,0.2021,4.0,47.39,0.0,-0.0045,4,0.0,2.0,0.0,51.14,42.84,0.0,0.0,3.0,0.4923,4.0,1.0
2022-03-22,218.21,2.0,-0.0868,3.0,48.39,3.0,0.0033,20,-0.0091,0.0,0.0,53.39,44.18,-0.0227,2.0,5.0,0.1005,9.0,6.0
2022-03-23,211.11,5.0,0.0341,9.0,48.27,3.0,0.0054,14,0.0169,8.0,2.0,51.12,43.09,0.0099,2.0,10.0,0.0168,8.0,4.0
2022-03-24,213.98,3.0,-0.204,6.0,51.62,4.0,0.0039,17,-0.0379,1.0,0.0,51.33,43.07,-0.0143,1.0,8.0,-0.0231,3.0,5.0
2022-03-25,211.03,5.0,0.06,6.0,51.83,21.0,0.0933,94,0.0043,2.0,1.0,52.56,43.73,-0.026,3.0,6.0,0.018,8.0,9.0
2022-03-28,215.28,0.0,0.0,0.0,51.51,1.0,0.0027,7,0.0,1.0,0.0,51.81,43.55,0.0118,1.0,1.0,0.056,5.0,2.0
2022-03-29,221.29,8.0,0.2799,13.0,52.25,0.0,-0.0042,8,-0.0067,1.0,3.0,51.6,43.44,-0.0186,1.0,12.0,0.2716,10.0,1.0
2022-03-30,214.94,5.0,0.0362,4.0,51.43,4.0,0.0084,7,-0.0047,1.0,1.0,50.11,43.0,-0.0166,3.0,10.0,0.0052,10.0,12.0
2022-03-31,212.32,3.0,-0.1159,5.0,49.56,6.0,-0.0046,31,-0.0026,6.0,0.0,48.46,41.22,-0.0086,0.0,7.0,0.0043,11.0,24.0
2022-04-01,212.25,0.0,-0.1021,8.0,48.11,1.0,-0.0059,14,-0.0187,2.0,0.0,48.71,40.9,-0.0039,2.0,3.0,0.015,11.0,5.0
2022-04-04,218.85,0.0,0.0,1.0,49.2,0.0,0.0,6,0.0,0.0,0.0,48.46,40.83,0.0143,2.0,1.0,0.1272,11.0,3.0
2022-04-05,210.14,7.0,0.1102,4.0,48.13,4.0,0.0033,15,-0.017,1.0,1.0,48.12,40.14,-0.0257,2.0,4.0,0.0019,3.0,7.0
2022-04-06,200.82,1.0,-0.1191,2.0,47.54,0.0,-0.0021,9,-0.0544,4.0,2.0,47.89,39.7,-0.0905,2.0,10.0,-0.0105,2.0,5.0
2022-04-07,200.16,0.0,-0.2882,4.0,47.56,0.0,-0.0004,6,-0.0211,3.0,0.0,47.74,39.39,-0.0198,3.0,17.0,-0.1021,0.0,4.0
2022-04-08,197.17,2.0,-0.0495,4.0,47.02,1.0,-0.0015,18,-0.0152,2.0,1.0,48.73,39.67,-0.0153,0.0,9.0,-0.0183,4.0,3.0
2022-04-11,195.45,0.0,-0.014,1.0,46.57,0.0,0.0,3,0.0055,2.0,1.0,49.33,39.59,0.0043,1.0,1.0,-0.0126,1.0,0.0
2022-04-12,194.81,2.0,-0.0601,9.0,46.5,0.0,-0.0009,15,-0.032,2.0,3.0,48.42,39.17,-0.0112,2.0,4.0,-0.0253,1.0,2.0
2022-04-13,195.72,1.0,-0.0106,4.0,47.01,0.0,-0.0005,7,-0.0179,5.0,1.0,48.54,38.82,-0.0158,1.0,6.0,0.0067,6.0,4.0
2022-04-14,189.41,4.0,0.0137,5.0,45.67,2.0,0.0008,17,-0.2414,14.0,8.0,46.35,37.57,-0.0084,1.0,5.0,-0.0299,3.0,5.0
2022-04-15,,1.0,-0.2022,5.0,,0.0,-0.0019,15,-0.6959,27.0,2.0,,,-0.0061,1.0,5.0,-0.4153,32.0,35.0
2022-04-18,187.01,0.0,0.0,3.0,46.64,0.0,0.0,2,-0.1181,1.0,1.0,47.17,38.85,-0.1035,31.0,33.0,-0.187,0.0,2.0
2022-04-19,191.39,2.0,-0.0468,0.0,47.93,3.0,0.01,9,-0.0077,4.0,1.0,47.83,39.57,-0.2026,47.0,81.0,-0.0705,3.0,7.0
2022-04-20,186.23,5.0,0.0255,5.0,48.11,1.0,-0.0043,7,-0.0087,0.0,4.0,48.65,39.66,0.0397,8.0,15.0,0.0265,6.0,7.0
2022-04-21,177.23,0.0,-0.0605,8.0,47.5,1.0,0.0009,6,-0.0202,4.0,1.0,47.78,38.91,0.0119,7.0,7.0,0.006,3.0,6.0
2022-04-22,171.43,0.0,-0.1147,5.0,46.54,0.0,-0.0111,6,-0.013,5.0,0.0,46.34,37.56,-0.0098,6.0,9.0,-0.0468,0.0,2.0
2022-04-25,174.57,0.0,0.0,1.0,47.06,0.0,0.0,3,0.1331,0.0,1.0,45.83,37.29,-0.0089,0.0,3.0,-0.0091,0.0,0.0
2022-04-26,170.08,6.0,0.0176,18.0,45.52,2.0,0.0021,6,-0.1123,3.0,1.0,44.58,36.45,-0.0091,2.0,6.0,-0.0166,1.0,3.0
2022-04-27,174.68,0.0,-0.0919,9.0,45.22,0.0,-0.0038,14,-0.0383,2.0,0.0,44.58,36.25,-0.0421,3.0,3.0,-0.0051,1.0,1.0
2022-04-28,185.74,5.0,0.0063,16.0,46.84,2.0,-0.0115,14,-0.029,1.0,1.0,45.17,36.81,-0.0032,0.0,9.0,-0.0647,0.0,0.0
2022-04-29,175.94,13.0,0.3143,8.0,43.59,19.0,-0.1775,99,0.0077,2.0,5.0,43.63,35.68,0.0102,3.0,3.0,-0.0213,3.0,1.0
2022-05-02,177.57,0.0,-0.0037,2.0,44.96,3.0,0.0197,8,-0.0573,1.0,0.0,43.67,36.14,0.1215,2.0,1.0,0.0,0.0,0.0
2022-05-03,178.36,3.0,-0.0322,3.0,45.06,3.0,-0.0158,5,-0.0034,0.0,1.0,44.16,37.13,0.0073,2.0,3.0,-0.3279,5.0,7.0
2022-05-04,185.48,2.0,0.0005,5.0,46.54,3.0,-0.0357,17,0.0023,1.0,1.0,45.98,38.62,-0.0255,2.0,3.0,-0.2534,3.0,5.0
2022-05-05,172.3,3.0,0.0052,8.0,44.6,3.0,-0.005,7,0.0017,23.0,2.0,44.76,37.54,-0.4419,3.0,8.0,-0.0241,3.0,5.0
2022-05-06,169.7,1.0,-0.5884,5.0,44.3,0.0,-0.0026,8,-0.0084,5.0,0.0,44.55,37.45,-0.0168,3.0,17.0,-0.0244,1.0,2.0
2022-05-09,163.6,0.0,-0.0101,3.0,43.07,0.0,-0.0284,0,-0.0158,0.0,0.0,43.96,36.37,0.0,0.0,4.0,0.0,0.0,0.0
2022-05-10,167.15,1.0,-0.0173,9.0,44.01,0.0,-0.0131,6,-0.0467,1.0,0.0,43.08,35.76,-0.0168,0.0,0.0,-0.116,0.0,3.0
2022-05-11,161.27,6.0,0.0554,6.0,42.83,8.0,0.0038,9,-0.0014,1.0,1.0,42.57,35.57,-0.0044,2.0,2.0,-0.0115,0.0,2.0
2022-05-12,160.42,0.0,-0.1344,8.0,42.84,0.0,-0.004,8,-0.0007,1.0,0.0,41.81,35.07,0.0084,3.0,4.0,-0.003,0.0,2.0
2022-05-13,166.91,0.0,-0.0355,5.0,43.6,0.0,-0.0294,8,-0.1036,4.0,0.0,42.64,35.17,-0.0138,0.0,3.0,-0.0064,2.0,7.0
2022-05-16,164.12,0.0,0.0,1.0,43.08,0.0,0.0,7,0.0,0.0,0.0,42.21,34.81,-0.0175,0.0,1.0,0.0,0.0,4.0
2022-05-17,163.73,1.0,-0.145,7.0,44.4,0.0,-0.0145,8,-0.0347,1.0,0.0,43.71,35.99,-0.0203,1.0,2.0,0.0214,10.0,13.0
2022-05-18,157.33,1.0,-0.0212,8.0,42.35,4.0,0.0058,11,-0.0031,2.0,2.0,42.11,34.88,0.0062,5.0,11.0,0.3014,38.0,31.0
2022-05-19,155.6,1.0,-0.1268,17.0,42.01,0.0,-0.0102,8,-0.0026,5.0,1.0,42.0,34.45,-0.0034,1.0,3.0,-0.0256,1.0,7.0
2022-05-20,159.65,0.0,-0.0393,0.0,41.65,1.0,-0.0007,4,-0.1159,0.0,0.0,41.67,33.86,-0.0202,0.0,5.0,-0.0897,0.0,5.0
2022-05-23,160.32,1.0,0.0457,2.0,42.0,0.0,0.0,4,-0.2504,0.0,0.0,43.82,35.87,-0.0165,3.0,7.0,-0.0552,0.0,1.0
2022-05-24,156.93,5.0,0.0167,2.0,41.67,1.0,0.0002,5,-0.1513,4.0,5.0,43.29,35.65,0.0389,14.0,17.0,0.0133,8.0,6.0
2022-05-25,159.65,0.0,-0.0176,10.0,42.2,0.0,-0.0015,5,-0.0138,1.0,0.0,44.12,35.84,0.0066,7.0,22.0,-0.0034,0.0,3.0
2022-05-26,162.46,9.0,0.0866,16.0,43.48,1.0,-0.0584,9,0.0108,3.0,3.0,45.6,36.67,-0.0081,3.0,6.0,0.0042,3.0,8.0
2022-05-27,165.1,7.0,0.0721,4.0,44.55,1.0,0.0018,10,-0.0106,5.0,1.0,45.89,37.02,0.0136,4.0,5.0,-0.0209,3.0,1.0
2022-05-30,,0.0,0.0,2.0,,0.0,0.0,1,,1.0,0.0,,,0.0,0.0,2.0,0.0,0.0,1.0
2022-05-31,160.24,0.0,-0.0054,3.0,44.42,1.0,0.0004,1,-0.1405,0.0,0.0,45.77,37.2,-0.0024,1.0,3.0,0.0067,1.0,1.0
2022-06-01,176.07,93.0,0.4167,304.0,44.11,0.0,-0.0005,4,-0.2052,1.0,0.0,45.16,36.67,0.0195,5.0,4.0,-0.0285,0.0,3.0
2022-06-02,188.4,83.0,0.5217,170.0,44.84,0.0,-0.0006,4,-0.0071,2.0,0.0,45.33,36.7,-0.0034,0.0,6.0,-0.0031,2.0,3.0
2022-06-03,184.91,20.0,0.1731,32.0,43.39,1.0,-0.0091,6,-0.0085,3.0,1.0,44.82,36.19,0.0266,8.0,2.0,-0.2241,2.0,1.0
2022-06-06,182.87,0.0,0.0,6.0,43.34,0.0,0.0,2,0.0,0.0,0.0,45.12,36.15,0.0,0.0,4.0,-0.0569,0.0,9.0
2022-06-07,187.15,2.0,-0.038,10.0,43.53,2.0,0.0026,5,-0.0032,2.0,1.0,45.47,36.35,0.0105,5.0,9.0,-0.0034,1.0,9.0
2022-06-08,189.19,15.0,0.1922,9.0,41.23,2.0,-0.0239,5,-0.0112,2.0,3.0,44.63,35.89,0.0101,5.0,7.0,0.004,2.0,10.0
2022-06-09,187.11,2.0,-0.0018,6.0,40.01,0.0,-0.2291,19,-0.0355,0.0,0.0,42.67,34.51,-0.0874,1.0,5.0,-0.1011,3.0,1.0
2022-06-10,178.45,1.0,-0.0138,11.0,39.18,0.0,-0.1183,16,-0.0618,1.0,0.0,40.08,33.17,-0.0066,0.0,6.0,-0.0082,1.0,2.0
2022-06-13,166.03,0.0,0.0,2.0,37.77,0.0,0.0,3,-0.1455,0.0,0.0,38.99,32.02,0.0,0.0,0.0,-0.0049,0.0,3.0
2022-06-14,164.45,2.0,-0.3346,7.0,37.93,1.0,-0.0074,9,-0.3231,2.0,0.0,37.43,31.46,-0.0379,1.0,24.0,-0.0069,1.0,1.0
2022-06-15,168.55,2.0,-0.0229,2.0,38.65,0.0,-0.0009,6,-0.002,3.0,0.0,38.17,32.05,-0.0149,0.0,10.0,-0.0224,0.0,4.0
2022-06-16,159.85,4.0,0.0078,5.0,37.34,1.0,0.0011,11,0.0181,13.0,3.0,37.65,31.85,0.0247,6.0,13.0,0.0362,11.0,22.0
2022-06-17,163.26,0.0,-0.0314,5.0,36.97,0.0,-0.0011,9,-0.0613,2.0,0.0,38.48,31.92,-0.018,0.0,18.0,-0.0439,0.0,4.0
2022-06-20,,0.0,0.0,1.0,,0.0,-0.0622,4,-0.0316,0.0,0.0,,,0.0,0.0,1.0,-0.1016,1.0,0.0
2022-06-21,166.83,0.0,0.0,4.0,37.73,0.0,-0.015,4,0.0,1.0,0.0,38.99,32.85,0.0,0.0,3.0,-0.0466,0.0,0.0
2022-06-22,167.45,5.0,0.0292,2.0,37.38,1.0,-0.0067,3,-0.073,2.0,1.0,38.6,32.6,0.0114,4.0,8.0,-0.0034,2.0,5.0
2022-06-23,173.05,2.0,0.0085,4.0,37.41,0.0,-0.0013,3,-0.0169,4.0,0.0,37.9,32.08,-0.0738,0.0,7.0,-0.0093,1.0,14.0
2022-06-24,185.92,9.0,0.0503,4.0,38.61,1.0,0.0003,7,0.0551,1.0,6.0,40.76,32.31,-0.0264,0.0,11.0,-0.1141,1.0,4.0
2022-06-27,181.31,0.0,0.0,5.0,38.63,0.0,-0.0289,3,0.0142,1.0,1.0,40.24,32.35,0.0,0.0,4.0,-0.0123,1.0,2.0
2022-06-28,171.46,0.0,-0.1985,10.0,37.78,0.0,-0.0005,12,-0.0037,8.0,4.0,40.18,32.26,-0.0075,4.0,34.0,-0.0561,3.0,4.0
2022-06-29,170.61,0.0,-0.2213,6.0,37.29,0.0,-0.0014,7,-0.0399,13.0,2.0,39.71,31.86,-0.0051,2.0,17.0,-0.0309,2.0,3.0
2022-06-30,165.04,0.0,-0.0224,5.0,37.41,0.0,-0.0024,5,-0.1153,3.0,0.0,39.17,31.13,-0.0247,0.0,4.0,-0.0022,1.0,1.0
2022-07-01,168.2,0.0,-0.5337,5.0,36.34,0.0,-0.0072,10,-0.368,1.0,1.0,39.92,31.56,-0.0107,0.0,2.0,-0.0637,0.0,2.0
2022-07-04,,0.0,0.0,1.0,,0.0,0.0,2,-0.2906,0.0,0.0,,,0.0323,1.0,1.0,0.0,0.0,0.0
2022-07-05,172.2,0.0,0.0,1.0,36.69,0.0,0.0,4,-0.1793,1.0,0.0,40.1,31.24,0.0083,1.0,2.0,-0.0054,0.0,0.0
2022-07-06,172.73,3.0,-0.0332,11.0,36.99,1.0,0.0004,11,-0.8875,2.0,1.0,39.5,30.98,-0.0399,2.0,10.0,-0.0799,0.0,7.0
2022-07-07,176.64,3.0,0.0619,4.0,38.14,6.0,0.0268,15,-0.1773,3.0,0.0,40.12,31.86,-0.0238,1.0,9.0,-0.0071,2.0,4.0
2022-07-08,175.5,4.0,0.0769,3.0,37.99,4.0,0.0134,8,-0.0331,0.0,1.0,40.18,31.79,0.01,3.0,14.0,0.0093,4.0,2.0
2022-07-11,174.36,0.0,0.0,0.0,37.2,2.0,0.052,2,-0.1839,1.0,1.0,39.79,31.46,0.032,2.0,6.0,0.0066,1.0,2.0
2022-07-12,166.33,1.0,-0.0529,3.0,37.21,1.0,-0.0258,2,-0.0186,2.0,0.0,39.6,31.36,-0.0471,1.0,5.0,-0.0341,4.0,1.0
2022-07-13,163.49,0.0,-0.2572,4.0,37.21,1.0,0.0007,4,-0.0377,5.0,0.0,39.07,30.84,-0.0169,0.0,5.0,-0.0078,1.0,4.0
2022-07-14,161.04,0.0,-0.0757,4.0,37.71,0.0,-0.0067,11,-0.1365,5.0,0.0,38.74,30.13,-0.0257,0.0,3.0,-0.1446,1.0,1.0
2022-07-15,167.38,0.0,-0.064,7.0,38.62,2.0,-0.0034,21,-0.359,7.0,7.0,41.13,32.25,-0.6665,1.0,13.0,-0.0519,2.0,10.0
2022-07-18,167.89,1.0,0.0119,1.0,38.71,0.0,0.0,5,-0.131,5.0,1.0,41.19,32.26,-0.3216,20.0,39.0,0.1347,6.0,6.0
2022-07-19,173.81,2.0,0.0049,6.0,40.22,1.0,0.0004,13,-0.033,10.0,3.0,42.9,33.35,-0.2918,31.0,52.0,-0.0087,3.0,18.0
2022-07-20,182.45,0.0,0.0,5.0,40.56,3.0,0.006,35,-0.2179,4.0,0.0,42.72,33.36,0.0015,3.0,15.0,-0.0068,1.0,3.0
2022-07-21,185.35,9.0,0.0971,10.0,40.61,3.0,0.0036,18,-0.1299,3.0,0.0,43.28,33.65,-0.0133,4.0,19.0,-0.0459,4.0,2.0
2022-07-22,182.47,3.0,0.0151,2.0,39.2,1.0,-0.0127,7,-0.1829,2.0,1.0,43.17,33.43,0.0076,3.0,9.0,0.0049,3.0,9.0
2022-07-25,177.29,0.0,0.0,1.0,39.16,1.0,0.0007,4,-0.8759,1.0,0.0,43.5,33.73,0.0679,2.0,4.0,0.0153,1.0,2.0
2022-07-26,170.46,1.0,-0.1025,2.0,38.96,0.0,-0.0009,11,-0.4237,0.0,1.0,42.9,33.05,0.0229,3.0,3.0,0.0031,2.0,1.0
2022-07-27,180.3,2.0,-0.0955,4.0,40.18,0.0,-0.0005,15,-0.0706,3.0,0.0,43.71,33.59,-0.0311,0.0,4.0,-0.0073,0.0,1.0
2022-07-28,181.29,11.0,0.2535,4.0,39.71,4.0,0.0104,12,-0.054,10.0,1.0,43.32,33.32,0.0524,8.0,4.0,0.031,5.0,7.0
2022-07-29,184.02,4.0,0.0862,1.0,36.31,9.0,-0.3011,116,-0.0664,1.0,1.0,43.87,33.81,-0.0038,1.0,1.0,-0.0102,3.0,2.0
2022-08-01,182.98,2.0,0.0832,1.0,36.96,0.0,-0.4232,9,-0.8453,0.0,0.0,43.54,33.71,0.0,0.0,3.0,0.0025,1.0,2.0
2022-08-02,183.79,0.0,-0.0891,2.0,36.01,3.0,0.0042,25,-0.0344,3.0,0.0,42.88,33.04,-0.0144,0.0,7.0,-0.0025,0.0,4.0
2022-08-03,189.65,1.0,-0.0186,3.0,36.52,0.0,-0.1318,33,-0.0303,2.0,0.0,43.89,33.64,-0.0253,0.0,8.0,-0.0028,2.0,4.0
2022-08-04,191.27,10.0,0.0884,4.0,35.66,1.0,-0.0087,19,-0.0973,2.0,1.0,42.77,33.4,0.0046,2.0,4.0,-0.0901,3.0,5.0
2022-08-05,190.17,3.0,0.0251,3.0,35.39,0.0,-0.0125,29,-0.0129,2.0,0.0,43.76,33.96,-0.0097,1.0,3.0,-0.0782,1.0,2.0
2022-08-08,189.75,0.0,0.0,1.0,35.38,0.0,0.0,5,-0.7463,0.0,0.0,43.19,33.49,0.2558,2.0,3.0,-0.007,0.0,3.0
2022-08-09,182.24,1.0,-0.056,2.0,34.52,0.0,-0.0097,8,-0.1024,1.0,1.0,43.4,33.92,-0.0316,0.0,3.0,-0.0359,3.0,2.0
2022-08-10,188.61,0.0,-0.1248,3.0,35.37,0.0,-0.0085,26,-0.2741,1.0,0.0,44.33,35.07,0.0067,3.0,7.0,-0.0308,3.0,2.0
2022-08-11,186.73,8.0,0.1218,4.0,35.59,1.0,0.0005,19,-0.3763,3.0,2.0,45.25,35.91,0.0674,3.0,14.0,0.0759,6.0,4.0
2022-08-12,189.89,0.0,-0.0276,2.0,36.11,1.0,-0.018,12,-0.1783,3.0,3.0,45.94,36.3,-0.0638,4.0,3.0,0.1077,5.0,3.0
2022-08-15,191.06,0.0,0.0,3.0,36.34,0.0,-0.0141,0,-0.6404,0.0,0.0,45.75,36.25,0.0,0.0,1.0,0.0216,2.0,0.0
2022-08-16,189.59,3.0,0.0299,6.0,36.19,1.0,-0.0032,6,-0.1331,2.0,0.0,46.06,36.64,-0.0302,1.0,3.0,-0.3435,3.0,3.0
2022-08-17,187.96,0.0,-0.0331,10.0,35.78,0.0,-0.0057,9,-0.455,4.0,1.0,46.14,36.41,0.0278,2.0,3.0,0.0463,6.0,0.0
2022-08-18,187.93,1.0,-0.0573,6.0,36.2,0.0,-0.0443,8,-0.1439,2.0,1.0,46.14,36.28,-0.035,1.0,6.0,-0.0484,4.0,4.0
2022-08-19,183.77,1.0,-0.0305,7.0,35.38,1.0,-0.0012,10,-0.2825,5.0,1.0,45.35,35.48,-0.0643,3.0,18.0,-0.6826,4.0,2.0
2022-08-22,176.98,0.0,-0.0033,5.0,33.84,0.0,0.0,4,-0.8333,0.0,0.0,44.41,34.72,0.0,0.0,5.0,-0.0714,0.0,4.0
2022-08-23,176.0,0.0,-0.0873,6.0,33.95,3.0,-0.0184,31,-0.6365,2.0,0.0,44.37,34.41,-0.1574,0.0,14.0,-0.0108,1.0,9.0
2022-08-24,180.01,1.0,-0.0129,1.0,33.86,6.0,0.0051,39,-0.0301,0.0,0.0,44.64,34.52,-0.3003,0.0,3.0,-0.0272,1.0,0.0
2022-08-25,173.91,31.0,-0.2637,137.0,34.89,1.0,-0.0044,16,-0.2735,0.0,1.0,45.39,35.14,0.0293,2.0,4.0,0.0193,4.0,1.0
2022-08-26,165.23,7.0,-0.2307,55.0,33.36,4.0,0.0071,27,-0.2671,1.0,1.0,43.97,34.03,0.0283,2.0,10.0,-0.0222,5.0,2.0
2022-08-29,160.21,1.0,0.0671,5.0,32.94,0.0,0.0,6,-0.1071,0.0,0.0,43.92,33.9,0.0,0.0,3.0,0.0,0.0,0.0
2022-08-30,159.67,0.0,-0.2368,10.0,32.26,0.0,-0.0095,13,-0.3407,3.0,0.0,44.14,34.09,-0.9237,0.0,3.0,-0.0544,0.0,3.0
2022-08-31,156.12,0.0,-0.2171,9.0,31.92,0.0,-0.0062,16,-0.0034,0.0,0.0,43.71,33.61,-0.0083,1.0,4.0,-0.0267,0.0,1.0
2022-09-01,153.53,0.0,-0.3226,7.0,31.76,0.0,-0.0436,17,-0.062,1.0,0.0,43.7,33.47,-0.064,0.0,7.0,-0.0112,0.0,5.0
2022-09-02,153.69,2.0,-0.274,18.0,31.22,0.0,-0.0043,11,-0.9614,0.0,0.0,43.38,33.43,0.0482,2.0,5.0,-0.0172,3.0,1.0
2022-09-05,,0.0,0.0,1.0,,1.0,0.0069,3,0.0,0.0,0.0,,,0.0,0.0,0.0,0.0,0.0,2.0
2022-09-06,151.72,0.0,0.0,2.0,30.36,0.0,-0.0026,2,-0.7191,0.0,0.0,42.88,33.06,0.0,0.0,4.0,-0.0015,0.0,0.0
2022-09-07,153.28,1.0,-0.0191,4.0,30.65,3.0,-0.1312,13,-0.0581,1.0,0.0,43.84,33.57,-0.0714,0.0,3.0,-0.0744,0.0,1.0
2022-09-08,156.9,4.0,0.0228,1.0,30.75,2.0,-0.0033,10,0.0087,1.0,1.0,45.23,34.65,-0.1082,3.0,9.0,0.0044,2.0,5.0
2022-09-09,162.59,12.0,0.1164,5.0,31.46,3.0,-0.0022,11,0.0036,3.0,1.0,45.33,34.94,0.0219,2.0,13.0,-0.0929,3.0,1.0
2022-09-12,165.63,0.0,0.0,2.0,31.56,0.0,0.0,5,0.0,1.0,0.0,45.53,35.27,0.72,4.0,7.0,-0.0273,0.0,1.0
2022-09-13,158.1,5.0,0.022,5.0,29.29,2.0,-0.0039,12,-0.2567,1.0,3.0,43.22,34.0,-0.089,4.0,21.0,-0.0721,3.0,0.0
2022-09-14,160.28,1.0,-0.0641,0.0,29.18,1.0,-0.2833,26,-0.1142,0.0,0.0,43.28,33.87,-0.2175,1.0,7.0,-0.2044,1.0,3.0
2022-09-15,154.78,4.0,0.0065,7.0,28.84,0.0,-0.0008,24,-0.2055,1.0,1.0,44.14,34.51,-0.0419,0.0,14.0,-0.0447,1.0,2.0
2022-09-16,151.51,0.0,-0.0824,9.0,29.24,0.0,-0.0127,15,-0.0228,2.0,1.0,43.94,34.12,0.0138,2.0,9.0,0.0015,1.0,2.0
2022-09-19,152.83,0.0,0.0,1.0,29.44,0.0,-0.0085,6,-0.4116,0.0,0.0,44.32,34.69,0.0,0.0,2.0,0.0,0.0,0.0
2022-09-20,149.8,3.0,0.0033,6.0,28.96,1.0,-0.0056,5,0.0061,0.0,1.0,43.41,34.17,0.0525,2.0,5.0,0.0089,2.0,1.0
2022-09-21,147.63,0.0,-0.0022,8.0,28.47,0.0,-0.0267,10,-0.0091,1.0,1.0,42.27,33.15,-0.0066,0.0,2.0,-0.0081,0.0,3.0
2022-09-22,150.15,13.0,0.0199,23.0,28.07,0.0,-0.0193,12,-0.0016,7.0,1.0,41.52,32.5,-0.0094,0.0,10.0,-0.0022,0.0,13.0
2022-09-23,147.01,9.0,0.0165,20.0,27.52,0.0,-0.0472,14,-0.0038,0.0,0.0,40.41,31.73,-0.0115,0.0,6.0,-0.0071,1.0,1.0
2022-09-26,146.32,1.0,0.003,4.0,26.97,0.0,-0.0116,1,0.0,0.0,0.0,40.01,31.03,0.0,0.0,2.0,0.0,0.0,0.0
2022-09-27,148.89,0.0,-0.0318,2.0,26.89,0.0,-0.0068,15,-0.1425,0.0,0.0,40.03,30.57,-0.3447,0.0,8.0,-0.0156,0.0,3.0
2022-09-28,150.17,4.0,0.0136,1.0,27.13,0.0,-0.0008,20,-0.1118,1.0,0.0,40.81,31.07,-0.193,0.0,3.0,-0.0126,1.0,4.0
2022-09-29,146.81,4.0,0.0696,6.0,26.38,1.0,-0.0034,22,-0.1173,1.0,1.0,40.5,30.66,-0.1103,2.0,5.0,0.0737,2.0,1.0
2022-09-30,143.84,0.0,-0.0842,2.0,25.77,0.0,-0.0024,13,-0.0277,1.0,0.0,40.22,30.2,-0.0909,0.0,2.0,-0.012,0.0,3.0
2022-10-03,147.9,0.0,0.0,1.0,26.97,0.0,0.0,2,0.638,0.0,3.0,41.58,31.09,0.0,0.0,4.0,0.0,0.0,0.0
2022-10-04,155.73,3.0,0.008,4.0,27.7,7.0,0.0254,26,0.2376,1.0,9.0,43.54,32.38,0.0882,4.0,3.0,0.0199,4.0,2.0
2022-10-05,156.23,16.0,0.4498,10.0,27.64,1.0,0.001,10,0.0559,2.0,2.0,43.31,31.92,0.0195,4.0,9.0,0.0328,3.0,3.0
2022-10-06,155.46,2.0,0.0186,3.0,27.18,1.0,-0.0019,9,-0.0786,3.0,0.0,42.24,31.46,-0.1571,1.0,13.0,-0.0086,0.0,1.0
2022-10-07,150.29,0.0,-0.0895,2.0,25.72,0.0,-0.2223,22,-0.0117,0.0,0.0,41.79,30.75,-0.4724,2.0,8.0,-0.0045,0.0,9.0
2022-10-10,145.64,0.0,0.0,0.0,25.2,0.0,-0.0044,3,-0.0717,0.0,0.0,41.45,30.66,0.0,0.0,2.0,0.0022,1.0,2.0
2022-10-11,142.57,1.0,-0.5459,3.0,25.04,0.0,-0.033,23,-0.1586,0.0,0.0,40.23,29.77,-0.1238,0.0,3.0,-0.0037,0.0,6.0
2022-10-12,142.29,0.0,-0.0787,4.0,25.33,2.0,-0.0409,17,-0.0049,1.0,0.0,40.51,29.86,-0.0165,0.0,5.0,-0.012,0.0,6.0
2022-10-13,145.44,1.0,-0.0394,3.0,26.42,6.0,-0.11,17,-0.0108,1.0,0.0,42.38,31.69,-0.0036,0.0,19.0,-0.0155,1.0,2.0
2022-10-14,142.22,3.0,0.0175,4.0,25.91,1.0,-0.0102,17,-0.2501,19.0,28.0,43.17,31.7,0.0527,5.0,9.0,-0.0232,8.0,14.0
2022-10-17,147.18,0.0,0.0,1.0,26.42,0.0,-0.0078,1,-0.0505,1.0,2.0,43.96,33.62,-0.1091,27.0,36.0,-0.0628,1.0,1.0
2022-10-18,153.53,12.0,0.1548,0.0,25.87,3.0,-0.0109,5,-0.2033,6.0,5.0,44.67,34.88,0.2347,48.0,109.0,0.0783,7.0,0.0
2022-10-19,153.67,45.0,0.3503,64.0,26.0,2.0,-0.0025,53,-0.0929,4.0,2.0,43.62,33.92,0.0578,5.0,23.0,0.0077,3.0,1.0
2022-10-20,157.5,2.0,-0.0123,5.0,26.08,0.0,-0.0159,5,-0.1096,0.0,0.0,43.65,33.7,-0.2378,0.0,10.0,-0.0066,0.0,0.0
2022-10-21,160.17,8.0,0.0895,11.0,26.97,0.0,-0.0223,9,-0.0285,2.0,0.0,44.83,34.95,-0.0467,0.0,9.0,-0.0073,0.0,1.0
2022-10-24,160.65,2.0,0.1542,1.0,27.18,0.0,0.0,1,0.0,0.0,0.0,45.2,35.07,-0.3561,0.0,2.0,0.0,0.0,0.0
2022-10-25,165.27,5.0,0.077,1.0,27.41,2.0,0.0015,5,-0.001,3.0,1.0,45.37,35.39,0.0312,2.0,2.0,0.0044,2.0,3.0
2022-10-26,159.91,4.0,-0.0516,1.0,27.21,2.0,-0.0156,22,0.0015,1.0,1.0,45.7,35.7,0.0534,2.0,4.0,0.0266,4.0,2.0
2022-10-27,159.75,1.0,-0.2879,1.0,26.27,20.0,0.0842,64,-0.026,0.0,1.0,45.65,35.87,-0.0577,2.0,3.0,0.009,3.0,0.0
2022-10-28,163.02,0.0,-0.0927,1.0,29.07,19.0,-0.2725,67,-0.0109,1.0,0.0,46.35,36.18,0.0163,2.0,2.0,0.004,2.0,1.0
2022-10-31,162.59,0.0,0.0,0.0,28.43,1.0,-0.018,5,0.0,0.0,0.0,45.99,36.04,0.0,0.0,3.0,0.0077,1.0,1.0
2022-11-01,159.82,0.0,-0.0438,0.0,28.3,0.0,-0.6194,5,-0.0713,1.0,1.0,46.95,36.2,-0.0557,0.0,4.0,-0.0116,1.0,1.0
2022-11-02,150.01,0.0,-0.0421,16.0,27.42,3.0,0.0039,8,-0.0054,2.0,1.0,46.88,36.09,-0.7054,0.0,10.0,-0.0034,2.0,3.0
2022-11-03,146.33,0.0,-0.4038,5.0,27.39,1.0,-0.0669,4,-0.0444,2.0,0.0,45.54,35.89,0.0377,4.0,2.0,-0.0794,4.0,0.0
2022-11-04,139.77,0.0,-0.0347,1.0,28.2,1.0,-0.0539,1,-0.0255,0.0,0.0,46.74,36.79,-0.0937,0.0,1.0,-0.0143,0.0,1.0
2022-11-07,144.59,0.0,0.0,0.0,28.41,0.0,0.0,0,-0.8632,0.0,0.0,47.07,37.01,0.0,0.0,0.0,0.0,0.0,0.0
2022-11-08,147.1,4.0,0.0106,4.0,28.48,1.0,-0.0032,1,-0.1307,1.0,1.0,47.18,37.11,0.0657,2.0,6.0,0.0,0.0,1.0
2022-11-09,142.06,15.0,0.0538,5.0,27.52,2.0,-0.0022,1,-0.1567,1.0,1.0,45.97,36.52,0.1007,3.0,6.0,0.0003,2.0,0.0
2022-11-10,156.3,0.0,-0.0268,0.0,29.76,0.0,-0.0022,5,-0.0129,0.0,0.0,47.95,38.13,-0.0813,0.0,1.0,-0.0069,0.0,3.0
2022-11-11,157.73,25.0,0.3339,3.0,30.43,3.0,-0.0519,7,-0.0277,0.0,1.0,47.55,38.41,0.0099,2.0,3.0,-0.0084,2.0,2.0
2022-11-14,158.66,0.0,0.0,0.0,30.35,0.0,-0.0178,4,0.0,0.0,0.0,46.87,37.76,-0.4738,0.0,5.0,0.0,0.0,0.0
2022-11-15,162.07,1.0,-0.0177,2.0,30.71,1.0,-0.0012,2,-0.0555,0.0,0.0,46.71,37.7,-0.1242,0.0,4.0,-0.0059,0.0,2.0
2022-11-16,155.12,14.0,0.1596,2.0,29.53,4.0,-0.0142,7,-0.0028,0.0,1.0,46.21,37.36,-0.019,0.0,10.0,-0.006,3.0,1.0
2022-11-17,149.69,0.0,-0.0713,3.0,29.89,2.0,-0.0942,0,-0.0007,1.0,0.0,45.99,37.17,-0.7505,0.0,3.0,0.0573,4.0,2.0
2022-11-18,148.04,0.0,-0.4311,1.0,29.87,1.0,0.0009,4,-0.0435,0.0,0.0,46.5,37.19,-0.0525,0.0,4.0,-0.022,0.0,1.0
2022-11-21,144.85,0.0,-0.0221,1.0,28.94,0.0,-0.0085,2,0.0,0.0,0.0,46.84,37.31,0.0,0.0,3.0,0.0,0.0,4.0
2022-11-22,149.25,1.0,-0.1454,1.0,29.82,2.0,-0.0638,2,-0.0027,2.0,0.0,47.11,37.49,-0.364,0.0,6.0,0.0036,2.0,0.0
2022-11-23,152.24,4.0,0.0286,2.0,29.67,3.0,0.007,4,-0.0141,3.0,1.0,47.33,37.61,0.1519,2.0,6.0,0.0024,2.0,4.0
2022-11-24,,10.0,0.3271,0.0,,0.0,-0.0117,4,-0.0283,0.0,1.0,,,0.1491,2.0,2.0,-0.0959,0.0,3.0
2022-11-25,153.35,0.0,-0.0136,0.0,29.34,0.0,0.0,1,,2.0,0.0,47.44,37.7,0.0,0.0,1.0,-0.0035,0.0,2.0
2022-11-28,153.69,0.0,-0.0016,0.0,28.725,0.0,0.0,0,0.0,2.0,0.0,46.98,36.86,0.0,0.0,2.0,0.0017,1.0,1.0
2022-11-29,151.68,5.0,0.0162,2.0,28.9,0.0,-0.003,0,0.0062,0.0,2.0,47.57,37.0,-0.03,0.0,1.0,-0.0381,1.0,2.0
2022-11-30,160.25,22.0,0.1424,9.0,30.07,1.0,0.0002,1,0.005,1.0,1.0,47.95,37.85,-0.0038,0.0,1.0,0.0032,2.0,1.0
2022-12-01,147.0,31.0,-0.1254,46.0,29.83,0.0,-0.001,3,0.0,0.0,0.0,46.87,36.55,0.0,0.0,1.0,-0.0022,0.0,2.0
2022-12-02,144.56,3.0,-0.4361,17.0,29.41,0.0,-0.0052,6,-0.0103,0.0,0.0,45.94,36.08,-0.0561,0.0,4.0,-0.0979,1.0,0.0
2022-12-05,133.93,2.0,0.0095,1.0,29.17,0.0,0.0,1,0.0,0.0,0.0,43.66,34.47,0.0,0.0,4.0,0.0,0.0,0.0
2022-12-06,133.27,1.0,-0.1506,8.0,28.6,0.0,-0.0044,1,-0.0044,1.0,0.0,43.4,33.0,-0.2445,0.0,3.0,-0.057,0.0,0.0
2022-12-07,130.48,1.0,-0.0679,3.0,28.33,0.0,-0.0359,0,-0.0036,0.0,1.0,42.45,32.74,-0.0535,4.0,7.0,-0.032,1.0,1.0
2022-12-08,130.13,1.0,-0.0404,3.0,28.44,0.0,-0.0007,3,-0.0302,3.0,0.0,42.58,32.44,-0.0159,0.0,9.0,0.0724,10.0,8.0
2022-12-09,131.11,0.0,-0.0528,2.0,28.24,1.0,0.0009,3,0.0036,1.0,1.0,42.5,32.38,-0.0289,0.0,2.0,0.0019,2.0,0.0
2022-12-12,133.11,0.0,0.0,0.0,28.69,0.0,-0.0064,1,0.0,0.0,0.0,42.86,32.73,,0.0,7.0,-0.0102,0.0,0.0
2022-12-13,135.62,4.0,0.014,2.0,28.73,1.0,0.0024,2,0.0093,0.0,1.0,42.62,32.75,0.015,2.0,9.0,0.0058,2.0,0.0
2022-12-14,134.75,4.0,0.0057,1.0,28.26,5.0,0.0336,0,-0.3467,0.0,0.0,42.18,32.28,0.0389,2.0,11.0,0.0032,2.0,0.0
2022-12-15,130.44,0.0,-0.0044,0.0,27.15,0.0,-0.0771,1,-0.1647,2.0,0.0,41.37,31.77,-0.098,0.0,2.0,-0.0033,0.0,2.0
2022-12-16,128.27,1.0,-0.0052,1.0,26.92,0.0,-0.1242,0,-0.0629,0.0,1.0,41.19,31.7,-0.0475,0.0,7.0,-0.0012,0.0,2.0
2022-12-19,129.01,0.0,0.0,1.0,26.79,0.0,0.0,2,,0.0,0.0,41.82,32.06,0.0,0.0,0.0,-0.023,0.0,0.0
2022-12-20,128.45,3.0,0.0107,1.0,26.44,0.0,-0.0302,2,0.0405,0.0,1.0,40.98,32.19,-0.1109,0.0,3.0,-0.0973,1.0,2.0
2022-12-21,130.3,1.0,-0.0442,5.0,26.83,0.0,-0.0208,0,-0.945,7.0,0.0,41.12,32.68,0.1478,2.0,2.0,-0.0186,2.0,3.0
2022-12-22,129.19,2.0,0.0073,3.0,25.97,3.0,0.0047,2,-0.6547,0.0,2.0,40.68,32.39,0.254,2.0,0.0,0.011,2.0,3.0
2022-12-23,129.44,0.0,-0.0111,1.0,26.09,0.0,-0.2879,3,-0.7993,1.0,0.0,40.98,32.47,-0.0907,0.0,1.0,-0.0078,0.0,2.0
2022-12-26,,0.0,0.0,0.0,,0.0,0.0,2,-0.6321,0.0,0.0,,,0.0,0.0,3.0,0.0,0.0,0.0
2022-12-27,130.66,1.0,0.0107,0.0,25.94,0.0,0.0,0,-0.3789,0.0,1.0,41.04,32.53,0.0,0.0,2.0,0.0,0.0,1.0
2022-12-28,128.47,3.0,0.0679,0.0,25.54,0.0,-0.0136,1,-0.0741,0.0,1.0,41.12,32.77,-0.1097,0.0,6.0,0.0209,2.0,0.0
2022-12-29,132.54,0.0,-0.0395,1.0,26.21,0.0,-0.026,1,-0.067,0.0,0.0,41.33,33.14,-0.037,0.0,1.0,0.0015,1.0,1.0
2022-12-30,132.59,4.0,0.1257,0.0,26.43,3.0,0.06,3,-0.024,0.0,1.0,41.29,33.12,0.0964,2.0,5.0,0.0194,2.0,0.0
2023-01-02,,0.0,0.0,0.0,,0.0,-0.2995,1,-0.8647,0.0,0.0,,,,0.0,0.0,,0.0,0.0
2023-01-03,134.78,0.0,0.0,1.0,26.73,0.0,0.0,0,0.0755,1.0,1.0,41.79,33.51,0.0,0.0,1.0,0.0036,1.0,0.0
2023-01-04,139.59,13.0,0.0533,5.0,27.68,2.0,-0.0002,2,0.2027,2.0,8.0,42.65,34.14,-0.1626,0.0,5.0,0.0083,2.0,1.0
2023-01-05,136.34,51.0,0.0255,20.0,27.56,6.0,0.0152,2,-0.2431,5.0,1.0,42.42,34.07,0.8601,3.0,7.0,0.0223,3.0,2.0
2023-01-06,140.51,1.0,-0.0333,2.0,28.73,0.0,-0.0047,6,-0.0039,2.0,1.0,42.8,34.41,-0.631,1.0,3.0,-0.0131,0.0,1.0
2023-01-09,147.1,0.0,0.0,2.0,29.31,0.0,0.0,0,0.0,0.0,0.0,42.39,33.89,0.0349,1.0,7.0,0.0,0.0,0.0
2023-01-10,147.44,12.0,0.0489,9.0,29.44,10.0,0.1144,3,-0.0159,0.0,0.0,42.36,34.12,-0.1189,0.0,4.0,-0.0015,0.0,5.0
2023-01-11,144.9,4.0,0.0072,4.0,29.85,2.0,0.0001,0,-0.0544,2.0,2.0,42.74,34.38,0.0161,4.0,11.0,0.0017,2.0,0.0
2023-01-12,149.6,0.0,-0.197,1.0,30.29,3.0,0.0014,5,-0.0066,2.0,1.0,42.83,34.47,-0.1409,3.0,4.0,0.0012,3.0,2.0
2023-01-13,149.51,5.0,0.0031,4.0,30.11,1.0,-0.005,2,-0.1846,14.0,11.0,44.22,35.23,0.1412,35.0,49.0,0.0049,4.0,6.0
2023-01-16,,0.0,0.0,1.0,,1.0,0.0048,4,-0.5782,1.0,1.0,,,0.6199,2.0,6.0,-0.0965,1.0,2.0
2023-01-17,148.47,1.0,0.002,1.0,29.6,0.0,-0.0024,1,-0.5184,0.0,0.0,44.12,34.52,-0.011,0.0,7.0,0.0005,1.0,1.0
2023-01-18,145.45,1.0,-0.002,0.0,28.81,0.0,-0.0012,1,-0.0782,0.0,1.0,43.38,33.72,-0.0018,1.0,11.0,-0.0003,1.0,0.0
2023-01-19,146.41,0.0,-0.0015,1.0,28.42,0.0,-0.015,2,-0.0659,1.0,0.0,42.95,33.23,-0.0075,1.0,10.0,-0.0015,1.0,8.0
2023-01-20,151.25,1.0,-0.0292,0.0,29.22,0.0,-0.0042,0,-0.1386,1.0,0.0,43.92,33.85,-0.0142,0.0,9.0,-0.0224,4.0,4.0
2023-01-23,155.87,32.0,0.1611,33.0,30.27,0.0,-0.0114,2,0.0085,1.0,1.0,45.03,34.32,0.0,0.0,3.0,0.1509,3.0,0.0
2023-01-24,154.86,61.0,0.2157,55.0,29.92,13.0,0.0292,8,-0.0773,2.0,1.0,44.45,34.57,0.0114,2.0,3.0,0.0015,1.0,0.0
2023-01-25,156.17,1.0,-0.0082,8.0,29.7,2.0,-0.0122,9,-0.0914,0.0,0.0,45.34,34.87,0.0105,2.0,0.0,-0.0039,0.0,0.0
2023-01-26,165.09,2.0,-0.0128,2.0,30.09,3.0,-0.0227,8,-0.0788,0.0,1.0,45.81,35.34,0.0326,2.0,5.0,0.0755,2.0,2.0
2023-01-27,164.52,14.0,0.0649,15.0,28.16,5.0,-0.5169,35,-0.0101,3.0,1.0,46.12,35.45,0.1005,5.0,3.0,0.1063,4.0,2.0
2023-01-30,164.75,1.0,0.0013,4.0,27.95,1.0,-0.0173,2,0.0,0.0,0.0,46.29,35.3,-0.2414,0.0,1.0,0.2073,4.0,2.0
2023-01-31,167.97,3.0,0.0151,3.0,28.26,1.0,-0.0636,3,-0.7588,0.0,0.0,46.87,35.48,-0.1191,0.0,4.0,-0.0096,1.0,0.0
2023-02-01,171.82,2.0,0.0027,2.0,29.07,1.0,-0.1864,34,0.0039,0.0,1.0,47.33,35.92,0.576,2.0,4.0,0.0076,2.0,1.0
2023-02-02,174.64,4.0,0.0147,0.0,30.19,3.0,-0.2202,13,0.0077,4.0,2.0,47.23,36.13,0.0328,3.0,2.0,-0.0372,3.0,2.0
2023-02-03,171.04,2.0,0.0019,4.0,30.32,2.0,-0.0579,10,-0.2762,3.0,1.0,47.58,36.43,0.0233,2.0,2.0,0.009,3.0,0.0
2023-02-06,169.05,0.0,0.0,3.0,28.69,0.0,-0.0252,3,-0.4209,0.0,0.0,47.68,36.37,-0.2054,0.0,2.0,0.045,4.0,2.0
2023-02-07,171.28,1.0,-0.0088,2.0,29.05,0.0,-0.0876,1,-0.3727,0.0,1.0,48.13,36.77,-0.0126,0.0,4.0,-0.0113,0.0,0.0
2023-02-08,169.63,2.0,0.0072,0.0,28.24,1.0,-0.0045,1,-0.0141,1.0,1.0,48.25,36.5,0.0354,2.0,2.0,0.0085,3.0,3.0
2023-02-09,173.66,10.0,0.0183,6.0,27.73,0.0,-0.0468,5,-0.0631,0.0,1.0,47.57,35.72,-0.0886,0.0,2.0,0.0005,2.0,4.0
2023-02-10,167.03,18.0,0.1812,14.0,27.8,0.0,-0.0012,6,-0.2861,1.0,0.0,47.51,35.58,-0.2432,0.0,12.0,-0.0213,0.0,5.0
2023-02-13,171.08,1.0,0.0025,4.0,28.55,0.0,0.0,3,,0.0,0.0,48.13,35.65,0.0,0.0,3.0,0.0073,1.0,0.0
2023-02-14,169.96,12.0,0.1122,3.0,28.64,2.0,0.0088,3,-0.0029,2.0,1.0,48.5,35.62,0.0689,2.0,13.0,-0.011,2.0,1.0
2023-02-15,171.1,2.0,-0.0049,5.0,28.85,0.0,-0.0437,0,0.0004,2.0,1.0,47.97,35.56,-0.0038,0.0,15.0,-0.0368,5.0,0.0
2023-02-16,168.11,6.0,0.0114,2.0,28.2,1.0,-0.0162,0,-0.0042,0.0,1.0,47.22,35.28,-0.057,0.0,9.0,0.0006,1.0,1.0
2023-02-17,165.17,2.0,-0.0082,2.0,27.61,0.0,-0.004,4,-0.0046,0.0,0.0,47.49,35.35,-0.0182,0.0,3.0,-0.0036,2.0,5.0
2023-02-20,,0.0,-0.0914,0.0,,0.0,0.0,0,0.0,0.0,0.0,,,0.0,0.0,6.0,0.0,0.0,3.0
2023-02-21,161.62,1.0,0.0009,5.0,26.06,0.0,-0.0023,2,-0.3232,1.0,0.0,46.24,34.52,0.0,0.0,2.0,-0.0099,0.0,3.0
2023-02-22,163.36,4.0,0.0253,1.0,25.47,2.0,-0.0435,7,-0.3144,0.0,0.0,46.01,34.29,-0.1319,0.0,1.0,-0.0138,0.0,16.0
2023-02-23,164.12,8.0,0.0304,2.0,25.61,4.0,-0.2091,21,-0.2796,1.0,0.0,46.25,34.26,-0.4055,0.0,2.0,-0.0033,1.0,13.0
2023-02-24,162.2,4.0,0.0309,0.0,25.14,7.0,0.0203,9,-0.007,0.0,1.0,46.62,34.21,-0.7969,0.0,2.0,0.0031,3.0,0.0
2023-02-27,163.14,1.0,0.0029,4.0,24.9,2.0,0.0034,0,0.0,0.0,0.0,46.78,34.21,0.0,0.0,2.0,-0.0052,1.0,0.0
2023-02-28,163.61,5.0,0.0246,1.0,24.93,0.0,-0.0003,1,0.0068,0.0,1.0,46.77,34.3,-0.0227,2.0,2.0,0.0216,6.0,4.0
2023-03-01,167.35,7.0,-0.0293,5.0,25.33,2.0,0.0008,4,-0.0121,0.0,0.0,46.68,34.14,-0.4298,0.0,0.0,0.0003,2.0,2.0
2023-03-02,186.59,165.0,0.4277,213.0,26.2,2.0,-0.0027,4,-0.0347,0.0,0.0,45.8,33.49,-0.2382,0.0,2.0,-0.0003,1.0,0.0
2023-03-03,186.43,145.0,0.694,125.0,26.4,7.0,0.0953,2,-0.0623,1.0,0.0,46.85,34.16,-0.0341,0.0,8.0,-0.0037,1.0,1.0
2023-03-06,183.8,3.0,0.0302,0.0,25.99,0.0,-0.2351,2,0.0,0.0,0.0,46.63,34.09,0.0,0.0,2.0,-0.1195,0.0,1.0
2023-03-07,183.32,6.0,0.0166,6.0,25.53,0.0,-0.0276,0,-0.0082,0.0,0.0,44.45,33.0,-0.002,0.0,3.0,-0.0049,1.0,1.0
2023-03-08,182.95,6.0,0.0013,8.0,25.98,0.0,-0.0004,0,-0.8115,0.0,0.0,43.84,32.56,-0.0178,0.0,3.0,-0.013,0.0,3.0
2023-03-09,178.72,1.0,-0.0015,5.0,26.44,3.0,0.0087,3,-0.3306,1.0,1.0,41.13,30.54,-0.0385,0.0,8.0,-0.0009,0.0,3.0
2023-03-10,173.18,1.0,-0.0164,4.0,27.22,3.0,0.0062,1,-0.7146,0.0,2.0,41.36,30.27,-0.4121,0.0,9.0,-0.0317,0.0,2.0
2023-03-13,175.51,0.0,0.0,3.0,26.95,0.0,0.0,1,0.0,0.0,0.0,38.41,28.51,-0.1964,0.0,4.0,-0.0805,0.0,3.0
2023-03-14,182.89,5.0,0.0152,3.0,28.01,0.0,-0.0036,0,-0.3123,1.0,1.0,40.17,28.76,-0.3507,2.0,6.0,-0.0549,2.0,5.0
2023-03-15,182.91,15.0,0.2889,4.0,28.41,3.0,0.0184,4,0.0273,2.0,3.0,38.85,28.49,-0.4881,5.0,36.0,-0.0383,7.0,3.0
2023-03-16,187.3,3.0,0.0042,1.0,30.18,2.0,0.0054,3,-0.7651,0.0,0.0,39.3,28.97,-0.7498,0.0,28.0,-0.0753,0.0,3.0
2023-03-17,184.85,4.0,0.0171,1.0,29.81,13.0,0.1543,15,-0.0779,0.0,13.0,37.76,27.82,0.0133,9.0,4.0,0.006,9.0,9.0
2023-03-20,185.25,0.0,0.0,0.0,29.16,1.0,0.0107,2,-0.4944,0.0,0.0,37.48,27.75,-0.7492,1.0,1.0,-0.0513,0.0,0.0
2023-03-21,188.68,3.0,0.0138,0.0,28.46,1.0,-0.0633,4,-0.352,1.0,3.0,38.48,28.59,-0.1789,3.0,7.0,-0.0098,3.0,1.0
2023-03-22,186.51,4.0,0.0269,1.0,28.13,0.0,-0.0079,4,0.1405,0.0,4.0,37.2,27.64,0.0871,2.0,8.0,0.009,3.0,0.0
2023-03-23,187.44,2.0,-0.0253,1.0,29.03,2.0,0.0015,7,-0.1527,1.0,0.0,36.61,26.97,-0.5887,0.0,3.0,-0.0054,0.0,3.0
2023-03-24,190.06,4.0,0.0146,1.0,29.36,9.0,0.0654,1,-0.0418,0.0,0.0,36.23,27.14,-0.0051,0.0,6.0,-0.0064,4.0,0.0
2023-03-27,191.26,1.0,-0.0003,1.0,29.18,0.0,-0.0005,0,0.0,0.0,0.0,37.47,28.49,0.4408,2.0,1.0,0.0083,2.0,1.0
2023-03-28,192.3,25.0,0.175,3.0,29.29,0.0,-0.0005,2,0.1895,0.0,4.0,37.18,28.12,0.0716,5.0,15.0,0.0344,5.0,3.0
2023-03-29,196.64,2.0,0.0111,2.0,31.52,2.0,0.0033,2,-0.1197,0.0,0.0,37.97,28.67,-0.0435,1.0,10.0,-0.0031,0.0,2.0
2023-03-30,196.6,1.0,0.0062,0.0,32.09,41.0,0.3837,42,-0.0662,0.0,2.0,37.38,28.3,0.0137,2.0,19.0,0.011,2.0,4.0
2023-03-31,199.78,1.0,-0.0118,0.0,32.67,20.0,0.3481,18,-0.8453,1.0,0.0,37.38,28.6,-0.0041,0.0,10.0,-0.0099,2.0,2.0
2023-04-03,196.49,0.0,,0.0,32.89,0.0,0.0,0,-0.132,0.0,0.0,37.72,28.59,0.0,0.0,2.0,0.0063,1.0,0.0
2023-04-04,197.2,0.0,-0.0084,0.0,33.1,5.0,0.0777,0,0.037,0.0,2.0,36.81,27.98,-0.0649,0.0,1.0,-0.0022,1.0,1.0
2023-04-05,195.31,0.0,-0.0066,0.0,32.83,0.0,-0.005,2,-0.6656,0.0,0.0,36.89,27.64,-0.0504,0.0,5.0,-0.0053,1.0,6.0
2023-04-06,192.55,0.0,-0.006,0.0,32.81,1.0,-0.022,0,-0.0734,1.0,3.0,37.9,27.84,-0.4283,1.0,5.0,-0.0029,0.0,1.0
2023-04-07,,0.0,-0.8527,0.0,,0.0,-0.0029,0,0.4297,4.0,4.0,,,0.0253,2.0,8.0,0.0018,2.0,4.0
2023-04-10,191.49,0.0,0.0,0.0,32.52,0.0,-0.0117,1,-0.1211,1.0,0.0,38.63,27.94,0.0,0.0,2.0,0.0,0.0,3.0
2023-04-11,188.89,0.0,-0.1691,0.0,32.35,0.0,-0.001,2,0.0051,2.0,2.0,39.37,28.71,0.0121,2.0,3.0,0.0037,2.0,3.0
2023-04-12,190.32,0.0,-0.0067,0.0,32.02,1.0,-0.0008,3,-0.0209,0.0,1.0,39.19,28.48,0.0109,2.0,2.0,0.0042,4.0,0.0
2023-04-13,194.02,4.0,0.0428,0.0,32.13,0.0,-0.0008,1,-0.1433,2.0,1.0,39.66,28.56,-0.0284,0.0,9.0,-0.0175,0.0,1.0
2023-04-14,194.65,1.0,0.0018,2.0,31.89,1.0,-0.0025,1,0.1185,39.0,51.0,39.64,29.52,0.0064,2.0,10.0,-0.0105,7.0,13.0
2023-04-17,197.08,0.0,0.0,0.0,32.14,1.0,0.0058,1,0.0197,4.0,2.0,41.3,30.37,0.0,0.0,9.0,0.231,17.0,6.0
2023-04-18,198.5,1.0,0.0055,0.0,31.83,2.0,0.0073,0,0.0423,3.0,10.0,41.87,30.56,0.1923,48.0,67.0,0.0257,12.0,4.0
2023-04-19,198.92,1.0,0.0023,1.0,31.15,0.0,-0.0398,0,-0.0354,3.0,2.0,42.24,30.06,0.1915,41.0,86.0,-0.0055,4.0,7.0
2023-04-20,197.51,2.0,0.0162,0.0,30.86,1.0,-0.0055,1,0.0106,0.0,2.0,41.67,29.9,0.0509,4.0,8.0,0.018,4.0,7.0
2023-04-21,199.03,0.0,-0.0568,0.0,30.3,5.0,-0.0421,1,-0.0825,0.0,0.0,41.24,29.87,-0.0708,0.0,10.0,0.04,6.0,3.0
2023-04-24,194.92,0.0,0.0,0.0,29.66,0.0,-0.0117,0,0.1664,1.0,1.0,41.45,29.76,,0.0,2.0,0.1232,6.0,6.0
2023-04-25,190.67,0.0,-0.1168,1.0,28.88,0.0,-0.0719,0,0.0275,1.0,2.0,40.55,28.84,-0.1273,0.0,1.0,0.0041,3.0,2.0
2023-04-26,191.52,4.0,0.0351,1.0,29.05,0.0,-0.3456,0,-0.0277,0.0,0.0,39.46,28.44,-0.0367,0.0,2.0,-0.006,1.0,1.0
2023-04-27,195.94,1.0,0.0187,1.0,29.86,1.0,-0.1173,1,-0.2535,0.0,0.0,39.66,28.89,-0.1466,0.0,0.0,-0.0403,2.0,0.0
2023-04-28,198.37,0.0,0.0,1.0,31.06,38.0,-0.3862,32,0.0015,0.0,1.0,39.75,29.28,0.0206,2.0,1.0,-0.0695,1.0,4.0
2023-05-01,197.79,0.0,0.0,0.0,30.3,3.0,0.1593,2,0.0,0.0,0.0,40.39,29.04,0.0,0.0,1.0,0.0,0.0,0.0
2023-05-02,193.84,0.0,-0.0068,0.0,29.77,0.0,-0.156,0,-0.1014,1.0,3.0,38.84,28.16,-0.1661,0.0,6.0,0.004,4.0,1.0
2023-05-03,192.61,0.0,-0.0121,0.0,30.65,4.0,0.0135,5,-0.0118,0.0,0.0,38.65,27.86,-0.1925,0.0,1.0,-0.0213,0.0,1.0
2023-05-04,192.38,0.0,-0.0011,0.0,31.24,6.0,-0.0391,3,-0.0523,2.0,0.0,36.72,26.99,-0.1528,0.0,4.0,-0.011,0.0,10.0
2023-05-05,197.59,1.0,-0.0049,0.0,30.99,1.0,-0.1968,2,-0.6116,0.0,0.0,37.94,27.71,-0.099,0.0,5.0,-0.0112,1.0,0.0
2023-05-08,197.9,0.0,0.0,1.0,30.77,0.0,0.0,0,0.0,1.0,0.0,38.38,27.69,0.0,0.0,0.0,0.0,0.0,1.0
2023-05-09,201.18,4.0,0.2045,3.0,30.1,1.0,-0.095,1,-0.1116,0.0,2.0,38.54,27.66,-0.1325,0.0,8.0,0.0182,3.0,1.0
2023-05-10,204.85,6.0,0.1831,8.0,29.97,0.0,-0.0518,0,-0.0068,2.0,0.0,38.28,27.32,-0.0303,3.0,2.0,0.0035,2.0,2.0
2023-05-11,203.47,1.0,0.0095,4.0,28.86,0.0,-0.0025,2,-0.0418,0.0,1.0,38.33,27.39,-0.0325,0.0,4.0,0.0014,3.0,2.0
2023-05-12,201.81,0.0,-0.0619,1.0,28.95,0.0,-0.0502,1,-0.0222,0.0,1.0,37.49,27.09,-0.0334,0.0,3.0,-0.0072,3.0,0.0
2023-05-15,203.33,0.0,0.0,0.0,29.8,0.0,0.0,0,0.0,1.0,0.0,38.77,27.65,0.0,0.0,2.0,0.0,0.0,0.0
2023-05-16,204.56,1.0,0.0525,0.0,29.22,5.0,0.0358,0,-0.9512,5.0,4.0,38.39,27.36,0.013,2.0,10.0,0.003,2.0,2.0
2023-05-17,209.38,0.0,-0.0115,2.0,28.87,0.0,-0.0565,0,-0.9282,2.0,0.0,40.46,28.57,-0.1088,2.0,6.0,0.0024,3.0,1.0
2023-05-18,213.32,4.0,0.0811,7.0,29.68,1.0,-0.0041,1,-0.0623,3.0,8.0,40.21,28.47,0.3252,11.0,3.0,0.0556,10.0,0.0
2023-05-19,210.36,3.0,0.1225,3.0,29.93,5.0,0.0405,0,-0.3868,0.0,0.0,40.03,28.11,-0.0348,0.0,6.0,-0.0053,0.0,3.0
2023-05-22,210.26,0.0,0.0,0.0,30.28,2.0,0.0127,0,-0.4867,0.0,0.0,40.98,28.34,0.0,0.0,6.0,0.0,0.0,0.0
2023-05-23,206.64,1.0,-0.0149,1.0,29.51,1.0,0.0006,0,-0.105,0.0,2.0,41.21,28.58,0.132,2.0,8.0,0.0041,2.0,1.0
2023-05-24,209.06,0.0,-0.0196,1.0,29.0,0.0,-0.0013,0,0.0209,0.0,2.0,40.87,28.1,-0.0148,0.0,6.0,-0.0558,1.0,5.0
2023-05-25,209.91,3.0,0.1001,3.0,27.4,2.0,-0.0268,1,-0.0119,0.0,0.0,40.9,28.17,-0.0406,0.0,13.0,-0.0698,12.0,3.0
2023-05-26,215.44,3.0,0.0543,2.0,29.0,0.0,-0.5866,8,-0.1116,0.0,1.0,41.23,28.31,-0.0155,2.0,6.0,-0.0118,0.0,6.0
2023-05-29,,0.0,-0.1068,1.0,,0.0,0.0,1,0.0,0.0,0.0,,,0.0,0.0,0.0,0.0,0.0,0.0
2023-05-30,218.87,3.0,0.0452,3.0,29.99,1.0,-0.0009,0,,1.0,0.0,40.98,28.26,0.0,0.0,5.0,-0.0046,0.0,0.0
2023-05-31,223.38,7.0,0.2623,6.0,31.44,5.0,0.0089,0,-0.3615,0.0,0.0,39.81,27.79,-0.2436,0.0,6.0,-0.0109,1.0,4.0
2023-06-01,212.9,55.0,0.1899,39.0,31.13,18.0,0.0711,19,-0.097,0.0,0.0,40.06,27.78,-0.1813,0.0,6.0,-0.0073,0.0,5.0
2023-06-02,213.03,24.0,-0.3746,6.0,31.31,0.0,-0.0014,2,-0.0097,0.0,1.0,41.24,28.71,0.0101,3.0,12.0,0.0149,3.0,1.0
2023-06-05,209.86,0.0,-0.0885,0.0,29.86,0.0,0.0,0,0.0,0.0,0.0,40.45,28.54,0.0,0.0,5.0,0.0036,1.0,2.0
2023-06-06,212.85,1.0,-0.0088,1.0,30.96,0.0,-0.0856,2,-0.0993,0.0,0.0,41.26,29.23,-0.08,0.0,9.0,-0.0116,0.0,5.0
2023-06-07,205.73,3.0,0.0075,0.0,31.28,3.0,0.0049,2,0.0214,0.0,2.0,42.07,29.48,0.2844,5.0,8.0,0.0014,2.0,3.0
2023-06-08,209.53,6.0,0.0108,1.0,31.82,1.0,-0.009,1,0.0111,1.0,2.0,42.37,29.23,0.0282,4.0,4.0,0.0016,2.0,5.0
2023-06-09,215.31,5.0,0.0725,1.0,31.34,2.0,0.0266,2,0.0115,0.0,1.0,42.13,29.27,-0.0668,1.0,2.0,0.0017,3.0,1.0
2023-06-12,213.69,0.0,0.0,5.0,33.07,0.0,0.0,0,-0.0133,0.0,0.0,41.83,29.13,0.1068,1.0,3.0,0.0,0.0,1.0
2023-06-13,208.98,5.0,0.0033,2.0,33.91,13.0,0.0394,5,-0.0125,0.0,0.0,42.65,29.4,-0.0189,0.0,13.0,0.0012,1.0,2.0
2023-06-14,209.4,0.0,-0.0006,0.0,35.58,5.0,-0.0275,0,0.0504,7.0,6.0,42.08,29.12,0.1387,5.0,8.0,0.0053,2.0,0.0
2023-06-15,211.92,3.0,0.0288,2.0,35.82,3.0,0.0077,4,-0.1592,0.0,0.0,42.36,29.37,-0.1308,0.0,2.0,-0.0271,1.0,2.0
2023-06-16,211.76,1.0,0.0499,1.0,36.37,3.0,-0.0005,3,-0.0565,1.0,2.0,42.18,29.19,0.1892,7.0,5.0,0.0155,5.0,1.0
2023-06-19,,0.0,0.0,0.0,,1.0,0.0001,1,,0.0,0.0,,,0.0,0.0,1.0,0.0,0.0,0.0
2023-06-20,216.97,0.0,0.0,0.0,35.0,8.0,0.0027,4,0.0,0.0,0.0,41.89,28.87,0.0,0.0,1.0,-0.0083,1.0,0.0
2023-06-21,209.59,0.0,-0.0062,1.0,32.9,3.0,-0.0493,1,-0.1508,0.0,0.0,41.65,28.57,-0.3024,0.0,9.0,-0.2411,4.0,4.0
2023-06-22,213.29,0.0,-0.0048,2.0,32.71,1.0,-0.1378,2,-0.0091,0.0,1.0,41.06,27.96,-0.0878,1.0,7.0,-0.095,0.0,0.0
2023-06-23,210.09,1.0,0.0114,0.0,33.0,1.0,-0.0445,0,-0.5924,0.0,1.0,40.61,27.75,-0.1421,1.0,9.0,-0.0044,0.0,2.0
2023-06-26,207.36,0.0,0.0,0.0,33.34,0.0,0.0,0,0.0,0.0,0.0,40.59,28.09,0.0,0.0,1.0,0.0,0.0,2.0
2023-06-27,208.82,0.0,-0.004,0.0,34.1,1.0,-0.0074,0,-0.0511,0.0,0.0,40.91,28.24,-0.0056,2.0,1.0,-0.0199,0.0,0.0
2023-06-28,212.17,1.0,-0.005,1.0,33.57,1.0,-0.0011,0,-0.0284,0.0,1.0,40.62,28.07,0.0111,4.0,2.0,0.0569,4.0,1.0
2023-06-29,210.43,3.0,0.0022,0.0,32.91,1.0,-0.0371,0,0.177,3.0,7.0,42.45,28.66,0.0925,11.0,3.0,-0.0239,2.0,2.0
2023-06-30,211.26,1.0,-0.0038,0.0,33.44,2.0,-0.0625,0,0.1818,3.0,11.0,42.68,28.69,0.2024,11.0,6.0,0.0033,2.0,9.0
2023-07-03,211.65,0.0,0.0,2.0,33.62,0.0,0.0,0,0.0281,1.0,1.0,43.4,29.2,,0.0,1.0,-0.0184,1.0,3.0
2023-07-04,,0.0,0.0,0.0,,0.0,0.0,0,0.5682,1.0,8.0,,,0.0155,3.0,5.0,0.0237,4.0,2.0
2023-07-05,213.82,1.0,0.0156,0.0,32.51,0.0,-0.0365,0,-0.1159,1.0,1.0,43.48,29.08,-0.2368,0.0,1.0,0.0033,1.0,0.0
2023-07-06,210.14,3.0,0.0511,2.0,31.97,1.0,-0.053,0,-0.0287,1.0,2.0,42.89,28.28,0.121,7.0,29.0,0.0098,3.0,2.0
2023-07-07,209.59,0.0,-0.0088,1.0,31.85,0.0,-0.151,0,-0.069,1.0,0.0,42.77,28.53,-0.1551,0.0,26.0,-0.009,2.0,1.0
2023-07-10,212.81,1.0,0.0612,0.0,32.74,0.0,0.0,0,0.0,0.0,0.0,42.32,28.66,0.0939,1.0,3.0,0.0055,2.0,4.0
2023-07-11,221.17,1.0,0.0313,4.0,33.3,8.0,0.0958,1,-0.0031,0.0,2.0,42.74,29.02,0.1006,4.0,4.0,-0.0017,3.0,2.0
2023-07-12,227.28,39.0,0.7409,17.0,33.98,4.0,0.0037,3,-0.0926,0.0,4.0,43.26,29.36,-0.9306,2.0,3.0,-0.0021,2.0,4.0
2023-07-13,230.37,8.0,0.2428,5.0,33.87,4.0,0.0324,1,0.0203,2.0,4.0,43.71,29.67,-0.6624,5.0,7.0,0.0097,4.0,2.0
2023-07-14,229.33,3.0,0.0874,3.0,33.15,0.0,-0.0176,0,0.2839,34.0,50.0,43.56,29.11,-0.0167,3.0,8.0,0.0087,7.0,3.0
2023-07-17,228.0,1.0,0.0119,3.0,34.37,0.0,-0.0029,0,0.2066,1.0,6.0,44.74,29.4,0.0,0.0,0.0,0.0463,5.0,2.0
2023-07-18,227.63,0.0,-0.0024,1.0,34.5,6.0,0.0152,0,0.0352,6.0,7.0,45.6,30.7,0.3564,67.0,55.0,0.0144,10.0,6.0
2023-07-19,234.37,0.0,-0.0103,5.0,34.46,4.0,0.0094,0,0.0849,1.0,12.0,46.26,31.53,0.5128,57.0,105.0,0.0084,6.0,2.0
2023-07-20,228.16,8.0,0.152,2.0,33.37,3.0,0.003,0,0.0809,4.0,4.0,47.13,31.69,0.2029,12.0,23.0,0.0054,3.0,6.0
2023-07-21,228.06,1.0,-0.0061,3.0,34.02,0.0,-0.0921,1,0.0179,1.0,2.0,45.96,31.98,0.0513,3.0,5.0,-0.1078,0.0,0.0
2023-07-24,225.66,1.0,0.1068,0.0,33.63,4.0,0.0826,0,-0.0197,0.0,0.0,46.42,32.65,0.0154,1.0,0.0,-0.0591,1.0,1.0
2023-07-25,226.03,2.0,0.0027,0.0,34.1,2.0,-0.0014,0,0.0576,0.0,2.0,45.48,32.15,0.0469,7.0,6.0,0.0034,3.0,1.0
2023-07-26,225.58,1.0,0.004,1.0,34.36,4.0,0.0049,2,0.7242,18.0,23.0,46.44,32.41,-0.1002,0.0,1.0,-0.0616,1.0,2.0
2023-07-27,225.15,1.0,-0.0477,0.0,34.55,5.0,0.0239,3,0.8133,5.0,24.0,45.77,31.95,0.2142,6.0,10.0,0.004,2.0,1.0
2023-07-28,225.6,1.0,-0.114,1.0,36.83,97.0,0.2683,73,-0.0526,1.0,0.0,46.14,31.9,-0.1522,1.0,5.0,0.0045,4.0,0.0
2023-07-31,225.01,0.0,-0.3036,0.0,35.77,1.0,-0.0038,1,0.0,0.0,0.0,46.16,32.0,0.0,0.0,0.0,0.0,0.0,0.0
2023-08-01,224.27,3.0,-0.0626,0.0,35.8,2.0,0.003,1,0.0075,2.0,2.0,45.71,31.62,-0.2925,3.0,4.0,0.0224,5.0,4.0
2023-08-02,220.5,0.0,-0.0572,0.0,34.39,5.0,-0.0268,0,0.0208,1.0,3.0,45.1,31.19,-0.1384,1.0,1.0,0.0221,4.0,5.0
2023-08-03,215.56,0.0,-0.0223,0.0,34.87,2.0,-0.1269,0,-0.0302,0.0,0.0,45.15,31.41,-0.0802,0.0,3.0,-0.0189,2.0,2.0
2023-08-04,214.59,0.0,-0.0339,0.0,35.14,2.0,-0.0363,3,-0.14,1.0,0.0,44.85,31.3,-0.0089,0.0,4.0,0.0026,3.0,1.0
2023-08-07,216.06,2.0,0.2039,0.0,35.23,2.0,0.026,0,-0.0579,0.0,0.0,45.06,31.88,-0.0874,0.0,1.0,0.0056,1.0,0.0
2023-08-08,211.58,1.0,0.0254,0.0,35.02,2.0,0.0049,4,-0.1157,0.0,1.0,44.48,31.27,0.0337,2.0,8.0,0.0126,3.0,3.0
2023-08-09,205.86,1.0,-0.5446,1.0,34.28,2.0,-0.0119,0,-0.9237,1.0,3.0,43.72,30.86,0.1537,3.0,3.0,-0.0025,3.0,3.0
2023-08-10,208.25,0.0,-0.2351,0.0,34.68,0.0,-0.064,0,-0.5002,0.0,1.0,43.67,30.94,-0.3033,0.0,2.0,-0.0134,1.0,1.0
2023-08-11,208.7,1.0,0.0074,1.0,34.89,1.0,0.0009,0,-0.0313,0.0,0.0,43.73,31.29,0.016,2.0,5.0,0.0467,8.0,0.0
2023-08-14,212.06,1.0,0.0259,0.0,35.68,1.0,0.0153,1,-0.0941,0.0,0.0,43.74,30.93,0.1068,1.0,1.0,0.0037,2.0,2.0
2023-08-15,208.78,1.0,0.0148,0.0,34.77,4.0,0.0113,0,-0.0366,0.0,2.0,42.73,29.94,-0.0215,0.0,1.0,0.0094,3.0,0.0
2023-08-16,206.99,0.0,-0.007,0.0,33.53,13.0,-0.0064,1,-0.4041,0.0,0.0,42.22,29.29,-0.2088,0.0,3.0,-0.0255,2.0,3.0
2023-08-17,203.84,0.0,-0.0224,0.0,32.58,2.0,-0.1327,1,-0.0042,0.0,0.0,42.47,29.28,-0.0243,1.0,6.0,-0.0197,1.0,3.0
2023-08-18,204.83,0.0,-0.0392,0.0,32.75,0.0,-0.3152,0,-0.0619,0.0,0.0,42.5,29.11,-0.0688,1.0,12.0,-0.0286,1.0,3.0
2023-08-21,209.03,0.0,0.0,0.0,33.14,0.0,0.0,0,,0.0,0.0,42.49,29.15,0.0,0.0,4.0,0.0087,5.0,2.0
2023-08-22,206.76,2.0,0.0906,0.0,32.89,3.0,-0.0848,0,-0.3479,6.0,0.0,41.5,28.44,-0.0523,0.0,6.0,-0.0091,2.0,2.0
2023-08-23,209.13,0.0,0.0,0.0,33.98,0.0,-0.0047,0,-0.4011,2.0,0.0,41.61,28.45,-0.0297,1.0,4.0,-0.0328,0.0,0.0
2023-08-24,205.51,1.0,0.0058,0.0,32.59,7.0,0.066,0,0.0157,0.0,2.0,41.43,28.62,0.1495,4.0,5.0,0.0065,5.0,0.0
2023-08-25,209.47,1.0,-0.0019,6.0,33.25,1.0,-0.1259,0,-0.0272,0.0,0.0,41.23,28.5,-0.0454,0.0,1.0,-0.0057,0.0,1.0
2023-08-28,211.72,0.0,0.0,1.0,33.62,0.0,0.0,0,-0.0375,0.0,0.0,41.88,28.76,-0.1068,0.0,2.0,0.0148,2.0,0.0
2023-08-29,211.96,2.0,-0.031,1.0,34.31,2.0,0.0017,1,0.0547,0.0,2.0,42.0,29.17,0.0955,2.0,4.0,0.024,4.0,4.0
2023-08-30,215.04,11.0,0.2295,9.0,34.53,4.0,0.0113,1,0.0652,0.0,2.0,41.54,29.04,0.0467,2.0,3.0,-0.4326,3.0,1.0
2023-08-31,221.46,108.0,0.532,62.0,35.14,2.0,0.004,1,-0.0765,0.0,0.0,41.29,28.67,-0.1165,0.0,2.0,-0.1062,2.0,1.0
2023-09-01,221.53,76.0,0.4111,31.0,36.61,13.0,0.1148,6,-0.0247,0.0,0.0,41.65,28.98,-0.3208,0.0,1.0,-0.0109,2.0,1.0
2023-09-04,,1.0,0.0316,1.0,,2.0,0.0246,1,-0.082,0.0,0.0,,,-0.0564,0.0,4.0,-0.0601,2.0,0.0
2023-09-05,218.69,1.0,0.0631,1.0,36.71,0.0,0.0,0,-0.2338,0.0,0.0,41.54,28.65,,0.0,0.0,-0.0031,0.0,0.0
2023-09-06,221.62,0.0,-0.0085,0.0,36.98,4.0,0.0041,3,-0.0879,1.0,0.0,41.02,28.39,-0.175,0.0,2.0,-0.0229,1.0,4.0
2023-09-07,222.53,2.0,0.0055,0.0,38.18,0.0,-0.0128,0,-0.0359,0.0,1.0,40.43,28.13,-0.205,0.0,3.0,-0.0182,1.0,1.0
2023-09-08,224.76,2.0,0.0097,0.0,38.01,14.0,0.1638,6,-0.0027,0.0,0.0,41.0,28.36,-0.1255,0.0,1.0,-0.0137,1.0,1.0
2023-09-11,225.31,0.0,0.0,1.0,38.59,1.0,0.0006,0,-0.0685,0.0,0.0,41.33,28.48,0.0,0.0,2.0,0.0,0.0,1.0
2023-09-12,221.66,3.0,0.0092,4.0,38.86,1.0,-0.0009,1,-0.1269,0.0,1.0,42.54,28.97,0.0023,2.0,4.0,0.0023,3.0,4.0
2023-09-13,218.8,2.0,-0.0009,0.0,38.71,11.0,0.0155,7,0.0926,2.0,7.0,42.25,28.88,0.0047,2.0,5.0,0.0096,5.0,1.0
2023-09-14,218.78,0.0,-0.0007,3.0,38.67,4.0,0.0089,2,-0.0872,0.0,0.0,43.05,29.2,-0.0118,0.0,6.0,0.0046,13.0,3.0
2023-09-15,214.61,5.0,0.0094,2.0,37.88,1.0,-0.0011,2,0.0382,1.0,3.0,42.95,28.84,0.2496,5.0,10.0,0.0004,2.0,3.0
2023-09-18,215.0,0.0,0.0,0.0,37.99,0.0,0.0,0,-0.0573,0.0,0.0,43.43,28.76,0.0,0.0,2.0,0.0,0.0,1.0
2023-09-19,215.7,2.0,0.0158,0.0,36.34,3.0,0.0035,5,-0.0252,1.0,1.0,43.22,28.65,-0.0188,0.0,3.0,-0.0015,2.0,1.0
2023-09-20,213.03,1.0,-0.0049,0.0,34.69,4.0,-0.0075,7,-0.0086,2.0,0.0,42.87,28.55,-0.0054,0.0,13.0,-0.001,0.0,3.0
2023-09-21,208.61,0.0,-0.0333,0.0,34.65,0.0,-0.0172,4,-0.1053,1.0,0.0,42.32,28.05,-0.0042,2.0,20.0,-0.0036,0.0,3.0
2023-09-22,206.43,1.0,-0.0219,2.0,34.18,0.0,-0.1629,2,-0.0373,0.0,0.0,41.23,27.64,-0.1888,0.0,2.0,-0.0056,0.0,3.0
2023-09-25,206.34,1.0,0.0915,1.0,34.29,0.0,-0.0384,0,-0.0144,0.0,0.0,41.56,27.6,,0.0,2.0,0.0211,2.0,0.0
2023-09-26,202.49,1.0,-0.0067,0.0,33.83,2.0,0.0014,1,0.0441,0.0,2.0,40.65,27.17,-0.1448,0.0,8.0,0.0135,4.0,8.0
2023-09-27,202.73,0.0,-0.1758,0.0,34.61,0.0,-0.0022,0,-0.0044,0.0,0.0,40.86,27.27,-0.0719,1.0,0.0,-0.0094,2.0,1.0
2023-09-28,203.2,4.0,0.081,1.0,35.18,3.0,0.0009,3,0.0073,0.0,3.0,40.91,27.56,0.002,2.0,9.0,0.003,4.0,2.0
2023-09-29,202.78,1.0,0.0132,0.0,35.55,6.0,0.0171,0,0.0063,0.0,1.0,40.86,27.38,0.1201,2.0,5.0,-0.035,3.0,4.0
2023-10-02,203.71,0.0,0.0,2.0,35.46,1.0,0.0029,1,-0.0072,0.0,0.0,39.61,26.7,0.0,0.0,4.0,-0.0114,0.0,1.0
2023-10-03,199.83,1.0,0.0049,0.0,35.69,1.0,-0.0015,0,-0.0049,0.0,0.0,38.67,25.91,-0.2744,0.0,3.0,-0.0056,0.0,1.0
2023-10-04,201.87,0.0,-0.0098,0.0,35.93,33.0,0.0647,21,-0.1322,0.0,0.0,38.97,25.94,-0.0241,0.0,5.0,-0.0132,0.0,0.0
2023-10-05,202.01,3.0,0.1388,0.0,35.89,14.0,0.0329,13,-0.0885,0.0,1.0,39.3,26.06,-0.0418,2.0,4.0,-0.004,1.0,9.0
2023-10-06,207.36,1.0,0.006,0.0,36.19,1.0,-0.006,0,-0.2034,0.0,0.0,39.69,26.07,-0.3189,0.0,4.0,-0.0051,1.0,3.0
2023-10-09,207.22,0.0,0.0,0.0,36.06,0.0,0.0,1,-0.0414,0.0,0.0,39.7,26.31,-0.1455,0.0,3.0,-0.0061,0.0,11.0
2023-10-10,206.88,0.0,-0.025,0.0,36.43,0.0,-0.0068,1,-0.038,2.0,1.0,39.82,27.01,-0.4007,2.0,2.0,0.0064,5.0,6.0
2023-10-11,206.85,0.0,-0.0095,0.0,36.88,5.0,0.0093,0,-0.0522,0.0,2.0,39.69,27.02,0.0596,3.0,8.0,0.0006,2.0,2.0
2023-10-12,205.68,1.0,0.0025,0.0,36.84,2.0,0.0017,0,-0.004,1.0,1.0,39.74,26.9,0.1076,4.0,6.0,0.0055,4.0,2.0
2023-10-13,204.59,0.0,-0.0125,0.0,35.97,0.0,-0.0076,3,0.1013,32.0,28.0,40.96,26.76,-0.0277,0.0,6.0,-0.0052,4.0,4.0
2023-10-16,208.53,0.0,0.0,1.0,36.56,0.0,-0.0018,0,0.0079,3.0,1.0,41.65,26.99,0.0184,1.0,0.0,0.0103,3.0,5.0
2023-10-17,209.84,3.0,0.083,0.0,36.06,5.0,0.0028,1,0.3284,5.0,11.0,41.98,27.62,0.3941,61.0,48.0,0.0138,7.0,6.0
2023-10-18,204.83,2.0,0.0241,0.0,35.64,0.0,-0.0727,3,0.0842,0.0,6.0,41.53,27.31,0.2572,42.0,47.0,-0.003,3.0,3.0
2023-10-19,208.32,0.0,-0.0146,0.0,35.67,0.0,-0.0107,0,-0.0276,3.0,0.0,41.18,26.96,-0.0209,3.0,5.0,-0.0447,1.0,7.0
2023-10-20,203.73,4.0,0.1607,0.0,34.92,1.0,-0.001,0,-0.1703,0.0,0.0,40.27,26.31,-0.0541,1.0,7.0,-0.0022,1.0,2.0
2023-10-23,202.0,1.0,0.0132,1.0,33.85,0.0,-0.0004,1,0.0184,0.0,1.0,39.48,25.57,0.0,0.0,1.0,-0.0042,1.0,0.0
2023-10-24,204.22,1.0,-0.3677,0.0,34.59,4.0,-0.0222,4,-0.1384,1.0,0.0,39.28,25.47,-0.1782,0.0,5.0,-0.0125,2.0,1.0
2023-10-25,197.06,1.0,0.0072,0.0,32.83,2.0,-0.0046,4,-0.0097,1.0,0.0,39.03,25.55,-0.0717,1.0,4.0,-0.0053,1.0,0.0
2023-10-26,196.25,0.0,-0.5259,1.0,32.52,2.0,-0.0702,5,-0.012,2.0,0.0,39.65,26.12,-0.0963,0.0,1.0,-0.0683,0.0,1.0
2023-10-27,196.57,0.0,-0.025,0.0,35.54,96.0,0.2343,104,0.004,0.0,1.0,38.76,25.17,0.0742,2.0,3.0,-0.1852,3.0,3.0
2023-10-30,199.27,0.0,0.0,0.0,35.69,4.0,-0.0352,3,0.0,0.0,0.0,39.43,25.69,-0.2039,0.0,3.0,0.0,0.0,2.0
2023-10-31,200.83,1.0,0.0069,0.0,36.5,11.0,0.0048,5,0.0188,0.0,2.0,39.77,26.34,0.1503,2.0,0.0,0.0128,3.0,0.0
2023-11-01,203.91,1.0,0.0064,0.0,37.29,2.0,0.0007,10,-0.0179,1.0,1.0,39.61,26.4,0.4442,5.0,2.0,0.0085,3.0,4.0
2023-11-02,208.11,1.0,0.0072,0.0,37.7,10.0,0.018,3,-0.4345,0.0,1.0,40.51,27.62,-0.0654,2.0,1.0,0.0539,6.0,0.0
2023-11-03,207.47,1.0,0.0223,0.0,38.14,5.0,0.0086,5,-0.1282,0.0,6.0,41.62,28.42,0.0592,2.0,1.0,0.0204,2.0,3.0
2023-11-06,207.42,0.0,0.0,0.0,37.95,2.0,0.0023,1,0.0,0.0,0.0,41.34,28.33,0.0087,1.0,2.0,-0.1324,0.0,2.0
2023-11-07,211.84,0.0,-0.0022,0.0,38.77,8.0,0.0058,18,-0.0146,0.0,0.0,41.04,28.16,-0.332,0.0,3.0,-0.0135,2.0,3.0
2023-11-08,211.47,4.0,0.042,1.0,37.92,6.0,0.0091,9,-0.0026,0.0,0.0,40.98,27.89,-0.0717,1.0,3.0,-0.0273,3.0,0.0
2023-11-09,210.01,3.0,0.1229,0.0,37.8,0.0,-0.0111,4,-0.0081,0.0,0.0,40.4,27.53,-0.0042,0.0,3.0,-0.4962,2.0,4.0
2023-11-10,213.63,0.0,-0.0044,0.0,38.86,1.0,-0.0021,4,-0.0053,2.0,0.0,40.89,27.68,-0.1007,0.0,5.0,-0.0377,1.0,1.0
2023-11-13,215.28,0.0,0.0,1.0,38.23,0.0,0.0,1,0.0,0.0,0.0,40.77,27.7,0.0,0.0,3.0,-0.0441,0.0,2.0
2023-11-14,221.18,1.0,0.0009,0.0,39.41,1.0,-0.0038,3,-0.0041,0.0,0.0,42.08,29.22,-0.0215,1.0,4.0,-0.0106,1.0,2.0
2023-11-15,219.42,1.0,0.008,1.0,40.61,2.0,-0.0036,4,0.0191,0.0,3.0,42.84,29.62,0.1919,4.0,11.0,0.0228,7.0,5.0
2023-11-16,221.45,0.0,-0.0523,0.0,43.35,15.0,0.0472,11,0.0025,0.0,1.0,42.53,29.54,0.0165,2.0,5.0,0.0019,2.0,1.0
2023-11-17,221.22,2.0,0.0033,1.0,43.81,21.0,0.0695,31,-0.0805,0.0,0.0,42.96,29.98,-0.1012,2.0,8.0,-0.0189,1.0,1.0
2023-11-20,225.13,0.0,0.0,1.0,44.74,1.0,0.001,3,-0.0035,0.0,0.0,42.79,30.01,0.0,0.0,3.0,-0.0004,0.0,2.0
2023-11-21,224.32,1.0,0.0005,0.0,43.64,10.0,0.0363,6,-0.0032,0.0,0.0,42.6,29.66,0.0224,2.0,6.0,-0.0163,4.0,0.0
2023-11-22,223.84,2.0,0.0029,1.0,43.67,1.0,-0.0013,6,-0.0253,0.0,0.0,42.78,29.63,-0.126,0.0,17.0,-0.005,0.0,1.0
2023-11-23,,3.0,0.0231,1.0,,4.0,0.01,2,-0.0183,0.0,1.0,,,-0.0968,0.0,5.0,-0.0068,1.0,3.0
2023-11-24,224.38,0.0,0.0,0.0,43.96,0.0,-0.0276,3,,0.0,0.0,42.92,29.73,0.0,0.0,6.0,-0.0104,0.0,2.0
2023-11-27,224.79,2.0,0.0638,2.0,44.08,1.0,-0.0021,3,-0.0732,0.0,0.0,43.02,29.56,,0.0,10.0,-0.0302,0.0,1.0
2023-11-28,224.92,4.0,0.0182,4.0,44.23,1.0,-0.0014,2,-0.0127,0.0,0.0,43.37,29.53,-0.0486,0.0,8.0,-0.0407,0.0,1.0
2023-11-29,230.35,14.0,0.5169,2.0,44.94,3.0,0.0072,3,0.0139,2.0,2.0,43.78,30.31,-0.7686,0.0,4.0,0.0202,7.0,8.0
2023-11-30,251.9,78.0,0.4806,51.0,44.7,3.0,0.0032,3,0.0591,0.0,3.0,44.59,30.49,0.5331,9.0,8.0,0.025,5.0,2.0
2023-12-01,260.0,83.0,0.8444,22.0,43.74,0.0,-0.0411,2,-0.8039,0.0,3.0,45.02,30.96,-0.5291,4.0,13.0,0.0224,5.0,5.0
2023-12-04,250.66,1.0,0.0515,0.0,42.35,0.0,-0.0007,0,-0.0189,1.0,0.0,45.12,30.82,0.0,0.0,5.0,0.0005,1.0,1.0
2023-12-05,251.02,0.0,-0.1077,6.0,41.92,2.0,-0.0365,14,-0.1298,0.0,1.0,44.49,30.58,-0.1533,0.0,3.0,0.0119,3.0,2.0
2023-12-06,249.13,0.0,-0.0022,2.0,41.27,2.0,-0.0009,5,-0.0545,0.0,1.0,44.5,30.53,-0.0231,0.0,2.0,0.0371,7.0,3.0
2023-12-07,248.85,0.0,-0.0118,1.0,42.15,1.0,-0.0019,3,-0.0062,0.0,4.0,45.4,30.66,-0.1974,0.0,2.0,0.0259,12.0,4.0
2023-12-08,250.81,1.0,-0.0177,0.0,42.7,5.0,0.0027,1,0.0495,1.0,4.0,46.1,30.96,0.3551,5.0,1.0,0.0066,3.0,1.0
2023-12-11,252.1,0.0,0.0,1.0,44.54,0.0,-0.0003,1,0.0,0.0,0.0,46.0,30.85,,0.0,1.0,0.0022,1.0,1.0
2023-12-12,256.45,2.0,0.0591,0.0,44.04,5.0,0.0035,7,-0.0989,0.0,0.0,46.47,30.74,-0.0168,0.0,3.0,-0.0034,2.0,8.0
2023-12-13,257.32,5.0,0.1697,2.0,44.57,3.0,-0.0041,1,0.004,1.0,1.0,47.76,32.04,-0.1319,0.0,4.0,-0.0828,2.0,2.0
2023-12-14,257.21,6.0,0.1751,1.0,45.18,3.0,0.0022,4,0.1578,0.0,5.0,50.51,33.94,0.0808,2.0,6.0,-0.0212,2.0,4.0
2023-12-15,261.6,0.0,-0.0011,0.0,46.16,31.0,0.0152,16,0.0782,0.0,6.0,50.31,33.6,0.0854,4.0,6.0,0.0039,5.0,0.0
2023-12-18,263.59,0.0,0.0,3.0,45.69,0.0,0.0,0,-0.0247,1.0,1.0,49.66,33.43,0.1068,1.0,0.0,-0.0018,1.0,0.0
2023-12-19,264.34,2.0,0.01,3.0,46.66,0.0,-0.0024,0,-0.0166,0.0,0.0,50.09,33.51,-0.371,0.0,4.0,-0.0061,0.0,0.0
2023-12-20,260.25,2.0,-0.0231,0.0,45.76,2.0,0.0014,5,0.0115,1.0,1.0,49.34,32.98,0.0555,4.0,14.0,0.0124,4.0,2.0
2023-12-21,267.25,7.0,0.1213,4.0,47.08,1.0,-0.0003,2,-0.006,1.0,1.0,49.45,33.2,-0.0627,0.0,3.0,-0.0204,1.0,8.0
2023-12-22,266.34,23.0,0.7975,6.0,48.0,18.0,0.0561,5,-0.0081,2.0,2.0,49.18,33.43,0.2039,2.0,5.0,0.0046,2.0,3.0
2023-12-25,,0.0,0.0,0.0,,0.0,0.0,3,0.0,0.0,0.0,,,0.0,0.0,1.0,0.0,0.0,0.0
2023-12-26,266.22,0.0,,1.0,50.5,4.0,0.0046,3,0.0,0.0,0.0,49.64,33.86,,0.0,2.0,0.0,0.0,0.0
2023-12-27,266.72,1.0,0.01,1.0,50.76,82.0,0.4376,21,0.0355,1.0,2.0,49.33,33.84,0.2291,2.0,6.0,0.0061,1.0,2.0
2023-12-28,265.58,1.0,0.0163,0.0,50.39,9.0,0.0239,3,-0.0396,0.0,0.0,49.48,33.88,-0.1793,0.0,5.0,0.0144,1.0,1.0
2023-12-29,263.14,1.0,-0.0182,0.0,50.25,2.0,-0.004,4,0.0217,0.0,1.0,49.22,33.67,-0.3319,2.0,0.0,0.2679,4.0,0.0
2024-01-01,,0.0,0.0,0.0,,1.0,0.0055,1,,0.0,0.0,,,0.0,0.0,4.0,,0.0,0.0
2024-01-02,256.13,1.0,0.0812,0.0,47.8,1.0,0.0039,1,0.0308,1.0,1.0,49.33,33.9,-0.0573,1.0,0.0,0.0029,1.0,1.0
2024-01-03,251.84,1.0,-0.0215,0.0,47.05,6.0,-0.0417,3,-0.0236,5.0,1.0,48.68,33.53,-0.0625,0.0,7.0,0.1211,8.0,14.0
2024-01-04,251.24,0.0,-0.0193,0.0,46.87,1.0,-0.0039,1,-0.2989,1.0,0.0,49.28,33.8,-0.1797,0.0,2.0,0.0342,5.0,3.0
2024-01-05,251.12,0.0,-0.038,0.0,46.89,5.0,-0.0139,7,0.0252,1.0,2.0,49.92,34.43,0.0258,2.0,8.0,0.0019,2.0,5.0
2024-01-08,260.87,0.0,0.0,0.0,48.45,2.0,0.0015,0,0.0,0.0,0.0,49.92,34.16,0.0,0.0,2.0,0.0071,1.0,4.0
2024-01-09,261.34,6.0,0.4839,0.0,48.05,11.0,0.0025,0,-0.0033,3.0,1.0,49.29,33.63,-0.1383,1.0,5.0,-0.0015,1.0,1.0
2024-01-10,264.13,1.0,0.0062,0.0,47.47,0.0,-0.0004,1,-0.033,0.0,0.0,49.08,33.6,-0.0503,0.0,8.0,-0.0158,0.0,3.0
2024-01-11,271.38,5.0,0.0903,3.0,47.64,1.0,-0.0004,3,-0.0112,1.0,2.0,49.04,33.15,-0.0642,0.0,4.0,-0.1143,3.0,9.0
2024-01-12,271.93,8.0,0.4273,6.0,47.12,2.0,-0.0009,0,-0.1939,16.0,19.0,47.4,32.8,-0.36,4.0,17.0,-0.2033,2.0,4.0
2024-01-15,,0.0,0.0,0.0,,0.0,0.0,0,-0.0442,2.0,1.0,,,-0.0124,0.0,4.0,-0.0645,0.0,1.0
2024-01-16,269.19,1.0,0.0168,1.0,47.06,3.0,0.0018,0,0.0915,1.0,2.0,46.82,32.12,-0.0062,0.0,3.0,0.0,0.0,0.0
2024-01-17,271.44,1.0,-0.0308,1.0,46.06,2.0,-0.0043,2,0.0432,1.0,5.0,46.67,31.8,-0.0766,0.0,7.0,-0.037,5.0,6.0
2024-01-18,274.46,1.0,-0.0157,0.0,46.74,5.0,-0.0466,10,-0.0078,0.0,0.0,46.44,31.73,-0.2536,0.0,15.0,-0.0013,2.0,1.0
2024-01-19,280.88,4.0,0.1578,2.0,48.15,12.0,0.0343,7,-0.384,0.0,2.0,48.12,32.22,-0.0054,1.0,11.0,-0.0005,1.0,1.0
2024-01-22,280.3,1.0,0.0322,1.0,48.22,2.0,0.0018,5,0.0,0.0,0.0,48.53,32.55,0.0,0.0,1.0,0.0,0.0,1.0
2024-01-23,276.77,5.0,0.1383,3.0,48.89,8.0,0.0066,1,-0.1586,0.0,2.0,49.12,32.77,0.0271,2.0,2.0,0.0786,6.0,8.0
2024-01-24,276.88,3.0,0.0308,0.0,49.09,6.0,0.011,5,0.0068,1.0,1.0,49.49,32.98,0.0376,2.0,2.0,0.0027,3.0,4.0
2024-01-25,279.03,5.0,0.2596,1.0,49.55,6.0,0.0029,5,0.0229,1.0,2.0,49.88,33.39,-0.1017,0.0,3.0,-0.0072,0.0,8.0
2024-01-26,279.94,1.0,-0.0141,2.0,43.65,30.0,-0.2437,78,0.0862,6.0,3.0,50.32,33.43,-0.3835,3.0,9.0,0.0305,3.0,0.0
2024-01-29,287.86,0.0,0.0,1.0,43.84,3.0,-0.021,4,0.0,0.0,0.0,50.35,33.61,-0.0337,0.0,5.0,0.005,1.0,4.0
2024-01-30,287.73,3.0,0.0898,3.0,42.92,5.0,-0.0145,9,0.0359,1.0,3.0,51.19,34.79,0.0109,3.0,13.0,0.0045,3.0,4.0
2024-01-31,281.09,0.0,-0.0187,0.0,43.08,1.0,-0.0118,7,0.2409,3.0,6.0,50.18,34.01,0.3287,8.0,10.0,-0.7229,12.0,10.0
2024-02-01,283.8,0.0,-0.0063,0.0,43.36,8.0,0.01,7,-0.2025,4.0,2.0,48.73,33.55,-0.0344,0.0,5.0,-0.3481,0.0,6.0
2024-02-02,285.66,3.0,0.1373,0.0,42.6,2.0,-0.0284,0,-0.4156,2.0,0.0,49.16,33.47,-0.0409,0.0,7.0,-0.1054,1.0,5.0
2024-02-05,288.11,0.0,0.0,1.0,42.77,0.0,-0.0054,3,0.0,0.0,0.0,48.7,32.99,0.0,0.0,2.0,-0.0877,0.0,6.0
2024-02-06,285.83,0.0,-0.0161,0.0,42.74,1.0,-0.0014,5,-0.1217,0.0,1.0,48.29,33.04,-0.3341,0.0,4.0,-0.0012,0.0,5.0
2024-02-07,288.84,1.0,-0.0126,0.0,42.78,1.0,-0.001,3,-0.0289,0.0,0.0,48.48,33.18,0.1041,2.0,8.0,-0.0028,1.0,3.0
2024-02-08,291.95,4.0,0.0394,0.0,42.5,3.0,-0.0157,2,0.0092,0.0,2.0,48.35,33.12,0.0474,2.0,0.0,0.0026,2.0,6.0
2024-02-09,291.3,1.0,0.0115,0.0,43.31,2.0,-0.0035,2,0.0054,1.0,1.0,48.06,33.07,-0.0558,1.0,5.0,-0.0025,0.0,4.0
2024-02-12,287.32,0.0,0.0,0.0,44.03,2.0,0.0022,5,0.0,0.0,0.0,48.92,33.62,0.0,0.0,2.0,-0.0714,0.0,7.0
2024-02-13,281.15,3.0,-0.1427,0.0,43.16,7.0,0.0065,9,0.0842,0.0,2.0,48.24,32.75,0.0222,2.0,6.0,-0.1938,1.0,0.0
2024-02-14,289.15,0.0,-0.0087,0.0,44.19,1.0,-0.0011,2,-0.3717,0.0,1.0,48.53,33.13,-0.111,0.0,4.0,-0.0075,2.0,3.0
2024-02-15,291.94,4.0,0.1069,2.0,44.05,9.0,0.0126,2,0.0471,1.0,2.0,52.04,34.07,0.0312,2.0,5.0,0.0017,3.0,6.0
2024-02-16,289.72,3.0,0.1005,0.0,43.51,2.0,-0.0004,1,-0.6241,9.0,14.0,51.91,34.09,0.0107,2.0,9.0,0.0077,4.0,5.0
2024-02-19,,0.0,0.0,0.0,,1.0,0.0009,0,0.0,0.0,0.0,,,0.0,0.0,1.0,0.0044,2.0,2.0
2024-02-20,286.39,0.0,0.0,0.0,44.52,2.0,0.0013,5,-0.095,0.0,0.0,51.77,33.96,0.0,0.0,4.0,0.0,0.0,5.0
2024-02-21,283.55,2.0,0.056,0.0,43.47,10.0,0.0084,11,-0.009,0.0,1.0,52.66,33.7,-0.006,0.0,2.0,-0.0101,6.0,19.0
2024-02-22,293.65,3.0,0.0185,0.0,42.98,4.0,-0.0009,13,-0.0788,0.0,1.0,53.37,33.61,-0.0087,0.0,2.0,0.0068,3.0,10.0
2024-02-23,292.8,9.0,0.4176,0.0,42.99,7.0,0.0013,10,0.0135,0.0,2.0,53.86,33.92,-0.0549,0.0,5.0,0.0048,2.0,6.0
2024-02-26,300.39,0.0,-0.1957,2.0,42.99,1.0,0.0001,0,0.0,0.0,0.0,54.13,33.61,0.0,0.0,6.0,-0.0016,0.0,0.0
2024-02-27,299.5,5.0,0.166,5.0,42.73,4.0,0.001,5,0.0237,0.0,2.0,54.81,34.28,-0.0914,0.0,2.0,0.0015,4.0,1.0
2024-02-28,299.77,3.0,0.0064,5.0,41.99,1.0,-0.0014,7,0.0031,0.0,2.0,54.72,34.31,0.0236,2.0,3.0,-0.0273,2.0,5.0
2024-02-29,308.82,34.0,0.094,73.0,43.05,0.0,-0.0032,3,-0.051,0.0,0.0,55.59,34.52,-0.0608,0.0,4.0,-0.015,2.0,3.0
2024-03-01,316.88,32.0,0.4916,19.0,43.82,7.0,0.0016,7,-0.0144,1.0,5.0,55.06,34.35,0.0061,3.0,4.0,-0.0067,3.0,8.0
2024-03-04,314.64,0.0,0.0,0.0,45.61,1.0,0.0006,2,0.0,1.0,0.0,55.81,35.15,0.0,0.0,9.0,0.0152,3.0,0.0
2024-03-05,298.75,2.0,0.0344,0.0,43.16,3.0,0.0003,13,0.0893,1.0,3.0,56.6,35.39,0.0286,2.0,13.0,0.0494,9.0,6.0
2024-03-06,303.77,0.0,-0.2182,2.0,44.51,4.0,-0.0413,3,0.0679,1.0,3.0,57.11,35.42,-0.015,0.0,6.0,-0.0066,3.0,10.0
2024-03-07,302.42,5.0,0.0167,1.0,46.15,11.0,0.0127,6,0.0055,0.0,2.0,57.0,35.63,0.1312,5.0,16.0,0.0092,3.0,0.0
2024-03-08,305.28,0.0,-0.0107,1.0,44.0,11.0,0.0117,13,-0.0374,2.0,0.0,57.07,35.6,0.2094,3.0,16.0,0.0025,1.0,0.0
2024-03-11,306.0,0.0,0.0,0.0,44.86,0.0,-0.0011,0,0.0,0.0,0.0,57.09,35.89,0.0,0.0,1.0,0.0,0.0,1.0
2024-03-12,306.62,3.0,0.0755,0.0,45.24,2.0,-0.0005,2,0.0047,0.0,1.0,57.61,35.96,0.0086,2.0,14.0,-0.0099,0.0,1.0
2024-03-13,304.68,3.0,0.2319,0.0,43.23,2.0,-0.0054,4,-0.1476,2.0,1.0,57.82,36.08,0.3084,4.0,28.0,0.0089,2.0,5.0
2024-03-14,303.32,0.0,-0.0063,0.0,42.75,1.0,-0.0533,6,-0.0239,2.0,2.0,57.37,35.69,-0.0113,0.0,18.0,0.0047,3.0,4.0
2024-03-15,294.33,0.0,-0.0629,0.0,42.64,3.0,-0.0049,2,-0.1356,0.0,0.0,57.51,35.41,-0.0199,0.0,10.0,-0.0288,1.0,9.0
2024-03-18,300.51,1.0,0.0499,1.0,42.71,0.0,-0.0029,1,0.0,2.0,0.0,57.77,36.01,0.0,0.0,1.0,0.0121,1.0,1.0
2024-03-19,301.45,1.0,0.0109,0.0,42.05,5.0,0.0029,2,-0.0129,0.0,1.0,57.01,36.03,0.0108,2.0,5.0,0.0043,3.0,1.0
2024-03-20,306.08,1.0,0.0158,1.0,42.2,12.0,0.0039,57,-0.0564,1.0,1.0,57.3,36.75,0.0178,4.0,13.0,-0.0112,1.0,5.0
2024-03-21,308.39,2.0,0.0125,0.0,42.42,28.0,0.0043,84,0.1832,1.0,5.0,57.85,37.51,0.0549,3.0,5.0,0.0062,4.0,4.0
2024-03-22,307.77,1.0,0.0493,0.0,42.57,6.0,0.0013,12,0.0907,1.0,3.0,57.13,37.05,0.1924,6.0,4.0,0.0596,5.0,6.0
2024-03-25,306.06,0.0,0.0,0.0,41.83,1.0,-0.0327,3,0.0,0.0,0.0,56.73,36.86,0.0,0.0,0.0,0.0153,2.0,0.0
2024-03-26,305.83,0.0,-0.0187,2.0,41.99,2.0,-0.0483,7,-0.1647,0.0,0.0,56.68,37.09,-0.0171,0.0,0.0,-0.0083,2.0,7.0
2024-03-27,301.38,1.0,-0.0068,0.0,43.77,3.0,-0.0023,2,-0.2156,1.0,1.0,57.61,37.81,-0.212,0.0,4.0,0.0036,2.0,2.0
2024-03-28,301.18,1.0,0.0079,1.0,44.17,11.0,0.0155,5,0.0919,0.0,4.0,57.96,37.92,0.0833,3.0,3.0,0.0264,4.0,11.0
2024-03-29,,0.0,-0.0245,0.0,,2.0,-0.0031,2,0.0281,3.0,3.0,,,0.4661,6.0,5.0,0.0024,2.0,3.0
