Date,news_pos_sentiment_count,news_sentiment_daily_avg,twitter_pos_sentiment_count,news_sentiment_daily_avg.1,twitter_pos_sentiment_count.1,news_pos_sentiment_count.1,close_price.1
2021-01-01,1.0,0.0451,3.0,0.0451,3.0,1.0,
2021-01-04,1.0,0.266,1.0,0.266,1.0,1.0,52.1277
2021-01-05,0.0,-0.0101,6.0,-0.0101,6.0,0.0,53.6213
2021-01-06,0.0,-0.5243,5.0,-0.5243,5.0,0.0,56.5588
2021-01-07,0.0,-0.0651,10.0,-0.0651,10.0,0.0,56.1107
2021-01-08,5.0,0.0561,5.0,0.0561,5.0,5.0,56.4592
2021-01-11,1.0,0.2776,2.0,0.2776,2.0,1.0,57.0069
2021-01-12,2.0,-0.0121,6.0,-0.0121,6.0,2.0,58.6499
2021-01-13,1.0,0.0024,8.0,0.0024,8.0,1.0,57.6044
2021-01-14,0.0,0.0,7.0,0.0,7.0,0.0,58.0524
2021-01-15,0.0,-0.3362,11.0,-0.3362,11.0,0.0,56.4095
2021-01-18,0.0,,2.0,,2.0,0.0,
2021-01-19,0.0,0.0,,0.0,,0.0,56.9073
2021-01-20,3.0,0.0084,9.0,0.0084,9.0,3.0,56.7082
2021-01-21,1.0,-0.1403,4.0,-0.1403,4.0,1.0,55.115
2021-01-22,2.0,0.0223,11.0,0.0223,11.0,2.0,55.3141
2021-01-25,1.0,-0.0486,15.0,-0.0486,15.0,1.0,54.7167
2021-01-26,53.0,0.2479,79.0,0.2479,79.0,53.0,56.2103
2021-01-27,58.0,0.4594,64.0,0.4594,64.0,58.0,56.6584
2021-01-28,10.0,0.1125,18.0,0.1125,18.0,10.0,55.2146
2021-01-29,3.0,0.1105,3.0,0.1105,3.0,3.0,53.1733
2021-02-01,0.0,-0.1742,4.0,-0.1742,4.0,0.0,53.472
2021-02-02,6.0,-0.3782,5.0,-0.3782,5.0,6.0,55.9614
2021-02-03,4.0,0.0944,8.0,0.0944,8.0,4.0,55.7622
2021-02-04,0.0,-0.0077,4.0,-0.0077,4.0,0.0,57.0069
2021-02-05,0.0,0.0,6.0,0.0,6.0,0.0,56.758
2021-02-08,0.0,0.0,2.0,0.0,2.0,0.0,57.8035
2021-02-09,0.0,-0.0162,3.0,-0.0162,3.0,0.0,57.455
2021-02-10,1.0,0.029,8.0,0.029,8.0,1.0,56.758
2021-02-11,1.0,0.0034,6.0,0.0034,6.0,1.0,57.0567
2021-02-12,1.0,-0.0044,5.0,-0.0044,5.0,1.0,58.401
2021-02-15,0.0,0.0,3.0,0.0,3.0,0.0,
2021-02-16,2.0,0.0151,3.0,0.0151,3.0,2.0,59.5959
2021-02-17,4.0,0.0204,9.0,0.0204,9.0,4.0,59.0482
2021-02-18,3.0,0.0137,1.0,0.0137,1.0,3.0,57.9031
2021-02-19,0.0,-0.147,4.0,-0.147,4.0,0.0,59.8448
2021-02-22,1.0,0.0129,7.0,0.0129,7.0,1.0,62.2346
2021-02-23,11.0,0.0723,22.0,0.0723,22.0,11.0,62.6827
2021-02-24,1.0,-0.0059,5.0,-0.0059,5.0,1.0,65.3214
2021-02-25,5.0,0.0417,11.0,0.0417,11.0,5.0,63.5291
2021-02-26,0.0,-0.0198,7.0,-0.0198,7.0,0.0,62.4338
2021-03-01,0.0,0.0,1.0,0.0,1.0,0.0,65.2717
2021-03-02,6.0,0.1381,8.0,0.1381,8.0,6.0,64.6244
2021-03-03,1.0,-0.0068,2.0,-0.0068,2.0,1.0,66.9147
2021-03-04,19.0,0.5999,29.0,0.5999,29.0,19.0,67.5619
2021-03-05,15.0,0.5208,24.0,0.5208,24.0,15.0,67.7113
2021-03-08,11.0,0.0248,11.0,0.0248,11.0,11.0,70.5492
2021-03-09,26.0,0.3034,14.0,0.3034,14.0,26.0,69.7028
2021-03-10,27.0,0.0182,66.0,0.0182,66.0,27.0,65.9687
2021-03-11,30.0,-0.0777,54.0,-0.0777,54.0,30.0,61.0895
2021-03-12,5.0,-0.2978,36.0,-0.2978,36.0,5.0,62.6329
2021-03-15,7.0,0.3499,3.0,0.3499,3.0,7.0,66.4666
2021-03-16,11.0,0.1515,10.0,0.1515,10.0,11.0,65.4708
2021-03-17,1.0,-0.0004,8.0,-0.0004,8.0,1.0,67.761
2021-03-18,2.0,-0.0147,9.0,-0.0147,9.0,2.0,65.9687
2021-03-19,4.0,0.022,5.0,0.022,5.0,4.0,65.8193
2021-03-22,0.0,0.0,3.0,0.0,3.0,0.0,65.3712
2021-03-23,0.0,-0.0039,2.0,-0.0039,2.0,0.0,63.0312
2021-03-24,0.0,0.0,4.0,0.0,4.0,0.0,62.2346
2021-03-25,1.0,0.0073,3.0,0.0073,3.0,1.0,63.9772
2021-03-26,0.0,0.0,4.0,0.0,4.0,0.0,64.6742
2021-03-29,0.0,0.0,2.0,0.0,2.0,0.0,64.4751
2021-03-30,1.0,-0.0013,3.0,-0.0013,3.0,1.0,66.2176
2021-03-31,0.0,0.0,8.0,0.0,8.0,0.0,65.3712
2021-04-01,1.0,0.0015,1.0,0.0015,1.0,1.0,66.1181
2021-04-02,0.0,0.0,7.0,0.0,7.0,0.0,
2021-04-05,0.0,0.0,3.0,0.0,3.0,0.0,67.0142
2021-04-06,1.0,0.0005,7.0,0.0005,7.0,1.0,66.7155
2021-04-07,1.0,0.0019,2.0,0.0019,2.0,1.0,66.6657
2021-04-08,2.0,0.0068,3.0,0.0068,3.0,2.0,66.9644
2021-04-09,5.0,0.118,5.0,0.118,5.0,5.0,67.7113
2021-04-12,0.0,0.0,2.0,0.0,2.0,0.0,67.6615
2021-04-13,0.0,0.0,7.0,0.0,7.0,0.0,66.9147
2021-04-14,0.0,-0.0052,5.0,-0.0052,5.0,0.0,68.1096
2021-04-15,0.0,0.0,2.0,0.0,2.0,0.0,67.4623
2021-04-16,1.0,-0.0068,3.0,-0.0068,3.0,1.0,66.6657
2021-04-19,0.0,-0.0201,,-0.0201,,0.0,67.0142
2021-04-20,1.0,0.0136,1.0,0.0136,1.0,1.0,65.0227
2021-04-21,1.0,0.0021,9.0,0.0021,9.0,1.0,66.4666
2021-04-22,1.0,-0.0027,5.0,-0.0027,5.0,1.0,66.7653
2021-04-23,1.0,0.003,10.0,0.003,10.0,1.0,67.4623
2021-04-26,1.0,0.0088,2.0,0.0088,2.0,1.0,67.5619
2021-04-27,7.0,-0.1209,21.0,-0.1209,21.0,7.0,67.1636
2021-04-28,3.0,-0.6815,25.0,-0.6815,25.0,3.0,65.7197
2021-04-29,9.0,0.1369,14.0,0.1369,14.0,9.0,65.7695
2021-04-30,0.0,-0.0015,7.0,-0.0015,7.0,0.0,65.3214
2021-05-03,0.0,0.0,1.0,0.0,1.0,0.0,66.9644
2021-05-04,3.0,0.6578,3.0,0.6578,3.0,3.0,65.3214
2021-05-05,1.0,-0.0037,6.0,-0.0037,6.0,1.0,65.7695
2021-05-06,0.0,-0.0055,2.0,-0.0055,2.0,0.0,65.7695
2021-05-07,0.0,0.0,6.0,0.0,6.0,0.0,66.2176
2021-05-10,0.0,0.0,1.0,0.0,1.0,0.0,66.4666
2021-05-11,0.0,0.0,5.0,0.0,5.0,0.0,65.1721
2021-05-12,0.0,0.0,6.0,0.0,6.0,0.0,63.8278
2021-05-13,3.0,0.0162,3.0,0.0162,3.0,3.0,64.5746
2021-05-14,5.0,0.1035,6.0,0.1035,6.0,5.0,66.0185
2021-05-17,0.0,0.0,1.0,0.0,1.0,0.0,65.4708
2021-05-18,1.0,0.0074,2.0,0.0074,2.0,1.0,64.5746
2021-05-19,3.0,0.0792,4.0,0.0792,4.0,3.0,65.1721
2021-05-20,1.0,0.0019,6.0,0.0019,6.0,1.0,65.0227
2021-05-21,4.0,0.0931,1.0,0.0931,1.0,4.0,65.8691
2021-05-24,0.0,0.0,1.0,0.0,1.0,0.0,65.6202
2021-05-25,2.0,0.0019,3.0,0.0019,3.0,2.0,65.3214
2021-05-26,0.0,0.0,4.0,0.0,4.0,0.0,66.7155
2021-05-27,1.0,0.0014,6.0,0.0014,6.0,1.0,71.4453
2021-05-28,15.0,0.1432,32.0,0.1432,32.0,15.0,70.0015
2021-05-31,1.0,0.0491,,0.0491,,1.0,
2021-06-01,0.0,0.0,3.0,0.0,3.0,0.0,70.4496
2021-06-02,0.0,0.0,3.0,0.0,3.0,0.0,70.1509
2021-06-03,1.0,-0.0648,3.0,-0.0648,3.0,1.0,70.1509
2021-06-04,0.0,0.0,5.0,0.0,5.0,0.0,69.5036
2021-06-07,0.0,0.0,,0.0,,0.0,69.2547
2021-06-08,1.0,0.0038,2.0,0.0038,2.0,1.0,69.2049
2021-06-09,1.0,0.0005,7.0,0.0005,7.0,1.0,68.3585
2021-06-10,0.0,-0.0067,1.0,-0.0067,1.0,0.0,67.8606
2021-06-11,0.0,0.0,3.0,0.0,3.0,0.0,68.1593
2021-06-14,0.0,0.0,1.0,0.0,1.0,0.0,67.064
2021-06-15,1.0,-0.0055,2.0,-0.0055,2.0,1.0,67.4125
2021-06-16,1.0,0.0013,1.0,0.0013,1.0,1.0,66.9147
2021-06-17,0.0,0.0,4.0,0.0,4.0,0.0,64.724
2021-06-18,0.0,0.0,2.0,0.0,2.0,0.0,63.6287
2021-06-21,0.0,-0.0292,1.0,-0.0292,1.0,0.0,65.67
2021-06-22,1.0,-0.0013,2.0,-0.0013,2.0,1.0,64.8734
2021-06-23,0.0,0.0,5.0,0.0,5.0,0.0,64.4751
2021-06-24,1.0,0.0041,1.0,0.0041,1.0,1.0,65.4708
2021-06-25,0.0,0.0,4.0,0.0,4.0,0.0,65.5206
2021-06-28,0.0,0.0,,0.0,,0.0,64.1763
2021-06-29,1.0,0.0015,7.0,0.0015,7.0,1.0,65.1721
2021-06-30,,,13.0,,13.0,,67.0142
2021-07-01,0.0,0.0,7.0,0.0,7.0,0.0,67.1138
2021-07-02,4.0,0.0221,12.0,0.0221,12.0,4.0,66.5164
2021-07-05,0.0,0.0,1.0,0.0,1.0,0.0,
2021-07-06,1.0,0.0054,2.0,0.0054,2.0,1.0,64.3257
2021-07-07,1.0,0.0003,7.0,0.0003,7.0,1.0,64.6244
2021-07-08,0.0,0.0,8.0,0.0,8.0,0.0,64.0768
2021-07-09,0.0,-0.0231,1.0,-0.0231,1.0,0.0,65.5206
2021-07-12,0.0,0.0,2.0,0.0,2.0,0.0,65.2717
2021-07-13,0.0,-0.0038,7.0,-0.0038,7.0,0.0,64.1763
2021-07-14,3.0,0.0081,14.0,0.0081,14.0,3.0,63.778
2021-07-15,0.0,-0.001,7.0,-0.001,7.0,0.0,63.5291
2021-07-16,0.0,0.0,6.0,0.0,6.0,0.0,62.4836
2021-07-19,0.0,0.0,3.0,0.0,3.0,0.0,59.7452
2021-07-20,1.0,-0.0638,5.0,-0.0638,5.0,1.0,63.2304
2021-07-21,1.0,-0.0099,10.0,-0.0099,10.0,1.0,65.1223
2021-07-22,0.0,0.0,3.0,0.0,3.0,0.0,63.2304
2021-07-23,1.0,0.0003,6.0,0.0003,6.0,1.0,63.2802
2021-07-26,0.0,0.0,,0.0,,0.0,64.3257
2021-07-27,31.0,0.0644,35.0,0.0644,35.0,31.0,65.1223
2021-07-28,58.0,0.5435,58.0,0.5435,58.0,58.0,65.3712
2021-07-29,9.0,0.117,10.0,0.117,10.0,9.0,66.1678
2021-07-30,1.0,0.0024,11.0,0.0024,11.0,1.0,64.4751
2021-08-02,2.0,0.0451,2.0,0.0451,2.0,2.0,62.608
2021-08-03,7.0,-0.0391,35.0,-0.0391,35.0,7.0,64.139
2021-08-04,1.0,0.0011,7.0,0.0011,7.0,1.0,64.0456
2021-08-05,0.0,0.0,2.0,0.0,2.0,0.0,64.1141
2021-08-06,2.0,0.2458,4.0,0.2458,4.0,2.0,65.0476
2021-08-09,0.0,0.0,2.0,0.0,2.0,0.0,64.5435
2021-08-10,1.0,-0.006,2.0,-0.006,2.0,1.0,66.0185
2021-08-11,2.0,0.0265,3.0,0.0265,3.0,2.0,65.9936
2021-08-12,3.0,0.0195,5.0,0.0195,5.0,3.0,66.2923
2021-08-13,0.0,0.0,1.0,0.0,1.0,0.0,65.2966
2021-08-16,1.0,0.3097,1.0,0.3097,1.0,1.0,64.3195
2021-08-17,0.0,0.0,2.0,0.0,2.0,0.0,63.2428
2021-08-18,0.0,0.0,2.0,0.0,2.0,0.0,63.1121
2021-08-19,1.0,0.0013,2.0,0.0013,2.0,1.0,61.8737
2021-08-20,0.0,-0.0555,6.0,-0.0555,6.0,0.0,62.2657
2021-08-23,1.0,0.1042,1.0,0.1042,1.0,1.0,62.8383
2021-08-24,0.0,-0.0102,2.0,-0.0102,2.0,0.0,64.2697
2021-08-25,0.0,0.0,2.0,0.0,2.0,0.0,65.1596
2021-08-26,0.0,0.0,3.0,0.0,3.0,0.0,64.3381
2021-08-27,0.0,0.0,1.0,0.0,1.0,0.0,66.0247
2021-08-30,0.0,-0.6321,1.0,-0.6321,1.0,0.0,65.4646
2021-08-31,1.0,0.0298,1.0,0.0298,1.0,1.0,65.6015
2021-09-01,2.0,0.031,2.0,0.031,2.0,2.0,64.5124
2021-09-02,0.0,-0.0014,5.0,-0.0014,5.0,0.0,66.1305
2021-09-03,0.0,0.0,7.0,0.0,7.0,0.0,65.1908
2021-09-06,0.0,0.0,0.0,0.0,0.0,0.0,
2021-09-07,0.0,0.0,3.0,0.0,3.0,0.0,64.2821
2021-09-08,0.0,0.0,2.0,0.0,2.0,0.0,63.8403
2021-09-09,0.0,-0.072,0.0,-0.072,0.0,0.0,64.2821
2021-09-10,0.0,-0.0042,2.0,-0.0042,2.0,0.0,63.4793
2021-09-13,0.0,,1.0,,1.0,0.0,65.0103
2021-09-14,1.0,0.0041,2.0,0.0041,2.0,1.0,62.4711
2021-09-15,0.0,-0.0527,4.0,-0.0527,4.0,0.0,63.5789
2021-09-16,1.0,-0.0429,1.0,-0.0429,1.0,1.0,63.0686
2021-09-17,1.0,-0.0092,4.0,-0.0092,4.0,1.0,62.5271
2021-09-20,0.0,0.0,0.0,0.0,0.0,0.0,62.1164
2021-09-21,0.0,-0.002,8.0,-0.002,8.0,0.0,60.2556
2021-09-22,1.0,-0.0034,10.0,-0.0034,10.0,1.0,61.326
2021-09-23,1.0,-0.0019,5.0,-0.0019,5.0,1.0,64.0768
2021-09-24,16.0,0.0754,40.0,0.0754,40.0,16.0,64.5995
2021-09-27,0.0,0.0,4.0,0.0,4.0,0.0,65.5642
2021-09-28,3.0,0.0208,4.0,0.0208,4.0,3.0,65.8007
2021-09-29,1.0,0.0014,2.0,0.0014,2.0,1.0,66.1429
2021-09-30,2.0,-0.02,5.0,-0.02,5.0,2.0,64.1203
2021-10-01,1.0,-0.0065,8.0,-0.0065,8.0,1.0,65.8567
2021-10-04,1.0,0.0088,1.0,0.0088,1.0,1.0,65.2841
2021-10-05,1.0,-0.0043,4.0,-0.0043,4.0,1.0,65.2841
2021-10-06,1.0,-0.0107,1.0,-0.0107,1.0,1.0,64.9294
2021-10-07,0.0,-0.0006,4.0,-0.0006,4.0,0.0,65.6637
2021-10-08,3.0,0.0248,6.0,0.0248,6.0,3.0,65.1721
2021-10-11,0.0,0.0,0.0,0.0,0.0,0.0,64.7738
2021-10-12,0.0,-0.0028,1.0,-0.0028,1.0,0.0,63.9274
2021-10-13,1.0,-0.0132,7.0,-0.0132,7.0,1.0,63.7034
2021-10-14,1.0,-0.0018,0.0,-0.0018,0.0,1.0,63.9398
2021-10-15,1.0,0.0083,0.0,0.0083,0.0,1.0,64.9792
2021-10-18,0.0,0.0,0.0,0.0,0.0,0.0,64.7987
2021-10-19,0.0,-0.0042,1.0,-0.0042,1.0,0.0,65.1783
2021-10-20,1.0,0.0006,3.0,0.0006,3.0,1.0,65.9687
2021-10-21,3.0,0.0207,2.0,0.0207,2.0,3.0,64.195
2021-10-22,2.0,0.004,5.0,0.004,5.0,2.0,64.7551
2021-10-25,0.0,0.0,2.0,0.0,2.0,0.0,65.5331
2021-10-26,20.0,0.0331,26.0,0.0331,26.0,20.0,66.8649
2021-10-27,28.0,0.0955,71.0,0.0955,71.0,28.0,64.6306
2021-10-28,4.0,-0.0525,11.0,-0.0525,11.0,4.0,65.5082
2021-10-29,1.0,0.0008,7.0,0.0008,7.0,1.0,65.2654
2021-11-01,2.0,0.0033,9.0,0.0033,9.0,2.0,66.1118
2021-11-02,3.0,0.0109,2.0,0.0109,2.0,3.0,66.3981
2021-11-03,1.0,0.0038,4.0,0.0038,4.0,1.0,65.95
2021-11-04,0.0,-0.011,9.0,-0.011,9.0,0.0,65.477
2021-11-05,0.0,0.0,3.0,0.0,3.0,0.0,67.6739
2021-11-08,0.0,0.0,3.0,0.0,3.0,0.0,67.4748
2021-11-09,30.0,0.037,26.0,0.037,26.0,30.0,69.2609
2021-11-10,139.0,0.1091,67.0,0.1091,67.0,139.0,67.8108
2021-11-11,11.0,0.0094,22.0,0.0094,22.0,11.0,66.591
2021-11-12,3.0,-0.0033,5.0,-0.0033,5.0,3.0,66.9582
2021-11-15,0.0,-0.0007,1.0,-0.0007,1.0,0.0,66.3857
2021-11-16,1.0,-0.0009,4.0,-0.0009,4.0,1.0,64.3195
2021-11-17,0.0,-0.0086,3.0,-0.0086,3.0,0.0,63.4731
2021-11-18,1.0,-0.0013,4.0,-0.0013,4.0,1.0,62.6516
2021-11-19,0.0,-0.024,1.0,-0.024,1.0,0.0,62.2097
2021-11-22,0.0,0.0,2.0,0.0,2.0,0.0,62.8819
2021-11-23,1.0,0.0008,0.0,0.0008,0.0,1.0,63.5291
2021-11-24,3.0,0.0071,9.0,0.0071,9.0,3.0,63.6224
2021-11-25,1.0,0.0092,3.0,0.0092,3.0,1.0,
2021-11-26,0.0,0.0,2.0,0.0,2.0,0.0,60.8903
2021-11-29,0.0,0.0,1.0,0.0,1.0,0.0,61.2389
2021-11-30,2.0,0.0013,1.0,0.0013,1.0,2.0,59.1167
2021-12-01,0.0,-0.0052,4.0,-0.0052,4.0,0.0,57.8782
2021-12-02,0.0,-0.0414,4.0,-0.0414,4.0,0.0,59.266
2021-12-03,1.0,0.0023,2.0,0.0023,2.0,1.0,57.7351
2021-12-06,0.0,0.0,1.0,0.0,1.0,0.0,59.7515
2021-12-07,2.0,0.0215,5.0,0.0215,5.0,2.0,60.7099
2021-12-08,0.0,0.0,1.0,0.0,1.0,0.0,61.1642
2021-12-09,2.0,0.0088,5.0,0.0088,5.0,2.0,60.8841
2021-12-10,1.0,-0.0052,1.0,-0.0052,1.0,1.0,60.3365
2021-12-13,0.0,0.0,0.0,0.0,0.0,0.0,57.9591
2021-12-14,0.0,-0.0126,1.0,-0.0126,1.0,0.0,57.3243
2021-12-15,0.0,-0.0026,2.0,-0.0026,2.0,0.0,57.3056
2021-12-16,0.0,-0.0052,2.0,-0.0052,2.0,0.0,57.5857
2021-12-17,0.0,-0.0095,2.0,-0.0095,2.0,0.0,56.9136
2021-12-20,0.0,0.0,0.0,0.0,0.0,0.0,55.9987
2021-12-21,0.0,-0.0113,1.0,-0.0113,1.0,0.0,57.9155
2021-12-22,2.0,0.0024,6.0,0.0024,6.0,2.0,57.9218
2021-12-23,1.0,0.0059,6.0,0.0059,6.0,1.0,58.5005
2021-12-24,1.0,0.0803,0.0,0.0803,0.0,1.0,
2021-12-27,0.0,0.0,0.0,0.0,0.0,0.0,58.8864
2021-12-28,1.0,0.0485,0.0,0.0485,0.0,1.0,59.3096
2021-12-29,1.0,0.0625,0.0,0.0625,0.0,1.0,58.9922
2021-12-30,0.0,-0.0357,0.0,-0.0357,0.0,0.0,58.9362
2021-12-31,0.0,-0.0372,0.0,-0.0372,0.0,0.0,58.793
2022-01-03,1.0,0.0229,2.0,0.0229,2.0,1.0,59.8946
2022-01-04,2.0,0.0544,9.0,0.0544,9.0,2.0,61.8425
2022-01-05,8.0,0.233,12.0,0.233,12.0,8.0,61.8425
2022-01-06,0.0,-0.0033,2.0,-0.0033,2.0,0.0,62.2035
2022-01-07,1.0,-0.0626,3.0,-0.0626,3.0,1.0,63.1059
2022-01-10,1.0,0.0522,0.0,0.0522,0.0,1.0,61.8737
2022-01-11,0.0,-0.3363,6.0,-0.3363,6.0,0.0,63.3486
2022-01-12,10.0,0.1581,4.0,0.1581,4.0,10.0,63.6287
2022-01-13,1.0,0.0083,2.0,0.0083,2.0,1.0,63.7656
2022-01-14,1.0,0.0133,1.0,0.0133,1.0,1.0,64.2012
2022-01-17,0.0,0.0,0.0,0.0,0.0,0.0,
2022-01-18,0.0,-0.0162,2.0,-0.0162,2.0,0.0,64.0332
2022-01-19,0.0,-0.0096,0.0,-0.0096,0.0,0.0,62.6205
2022-01-20,0.0,-0.0011,3.0,-0.0011,3.0,0.0,61.1455
2022-01-21,0.0,-0.0073,4.0,-0.0073,4.0,0.0,59.9319
2022-01-24,1.0,-0.1548,3.0,-0.1548,3.0,1.0,60.3116
2022-01-25,10.0,-0.1298,28.0,-0.1298,28.0,10.0,56.702
2022-01-26,4.0,-0.833,24.0,-0.833,24.0,4.0,55.588
2022-01-27,0.0,-0.0717,4.0,-0.0717,4.0,0.0,55.9489
2022-01-28,0.0,-0.0053,5.0,-0.0053,5.0,0.0,57.3181
2022-01-31,0.0,-0.116,1.0,-0.116,1.0,0.0,58.7993
2022-02-01,2.0,-0.0445,9.0,-0.0445,9.0,2.0,60.9588
2022-02-02,1.0,0.0026,5.0,0.0026,5.0,1.0,61.0148
2022-02-03,1.0,0.007,2.0,0.007,2.0,1.0,61.1891
2022-02-04,0.0,-0.0008,1.0,-0.0008,1.0,0.0,61.6185
2022-02-07,0.0,0.0,1.0,0.0,1.0,0.0,62.1724
2022-02-08,6.0,0.1597,5.0,0.1597,5.0,6.0,61.8052
2022-02-09,0.0,-0.0264,0.0,-0.0264,0.0,0.0,61.7679
2022-02-10,0.0,-0.0031,1.0,-0.0031,1.0,0.0,61.4816
2022-02-11,0.0,-0.0561,0.0,-0.0561,0.0,0.0,60.2618
2022-02-14,1.0,0.0063,0.0,0.0063,0.0,1.0,60.1186
2022-02-15,2.0,-0.0121,2.0,-0.0121,2.0,2.0,62.8072
2022-02-16,1.0,0.0021,4.0,0.0021,4.0,1.0,63.1121
2022-02-17,2.0,0.0072,2.0,0.0072,2.0,2.0,61.2762
2022-02-18,0.0,-0.0079,1.0,-0.0079,1.0,0.0,57.6853
2022-02-21,0.0,-0.0406,0.0,-0.0406,0.0,0.0,
2022-02-22,0.0,-0.352,1.0,-0.352,1.0,0.0,58.5939
2022-02-23,2.0,0.0051,4.0,0.0051,4.0,2.0,57.6604
2022-02-24,2.0,-0.0462,7.0,-0.0462,7.0,2.0,57.5919
2022-02-25,0.0,-0.0052,2.0,-0.0052,2.0,0.0,59.9755
2022-02-28,0.0,0.0,1.0,0.0,1.0,0.0,59.4403
2022-03-01,0.0,-0.1158,0.0,-0.1158,0.0,0.0,57.4612
2022-03-02,0.0,-0.0066,2.0,-0.0066,2.0,0.0,58.6001
2022-03-03,1.0,-0.0426,1.0,-0.0426,1.0,1.0,57.5359
2022-03-04,0.0,-0.0101,0.0,-0.0101,0.0,0.0,55.4759
2022-03-07,0.0,0.0,2.0,0.0,2.0,0.0,53.1359
2022-03-08,1.0,-0.019,1.0,-0.019,1.0,1.0,54.8598
2022-03-09,12.0,0.0388,11.0,0.0388,11.0,12.0,56.7891
2022-03-10,12.0,0.0286,15.0,0.0286,15.0,12.0,56.8389
2022-03-11,7.0,0.0177,6.0,0.0177,6.0,7.0,57.4301
2022-03-14,3.0,0.305,1.0,0.305,1.0,3.0,57.5359
2022-03-15,2.0,0.0861,1.0,0.0861,1.0,2.0,57.4737
2022-03-16,0.0,-0.0026,4.0,-0.0026,4.0,0.0,58.9362
2022-03-17,2.0,0.0054,0.0,0.0054,0.0,2.0,59.4527
2022-03-18,2.0,0.0018,1.0,0.0018,1.0,2.0,59.4901
2022-03-21,0.0,-0.1312,1.0,-0.1312,1.0,0.0,59.0109
2022-03-22,0.0,-0.1837,1.0,-0.1837,1.0,0.0,59.0606
2022-03-23,2.0,0.002,5.0,0.002,5.0,2.0,58.3138
2022-03-24,0.0,-0.0091,3.0,-0.0091,3.0,0.0,58.5752
2022-03-25,3.0,0.034,2.0,0.034,2.0,3.0,58.513
2022-03-28,1.0,0.0094,0.0,0.0094,0.0,1.0,57.2558
2022-03-29,0.0,-0.0126,2.0,-0.0126,2.0,0.0,58.9051
2022-03-30,1.0,-0.0228,4.0,-0.0228,4.0,1.0,58.8615
2022-03-31,0.0,-0.0013,4.0,-0.0013,4.0,0.0,56.9447
2022-04-01,0.0,-0.0041,1.0,-0.0041,1.0,0.0,57.5608
2022-04-04,1.0,0.0117,3.0,0.0117,3.0,1.0,57.2683
2022-04-05,0.0,-0.0007,2.0,-0.0007,2.0,0.0,56.0734
2022-04-06,0.0,-0.03,2.0,-0.03,2.0,0.0,55.9551
2022-04-07,0.0,-0.0037,3.0,-0.0037,3.0,0.0,55.6751
2022-04-08,1.0,-0.0162,1.0,-0.0162,1.0,1.0,55.8493
2022-04-11,0.0,0.0,2.0,0.0,2.0,0.0,55.8058
2022-04-12,0.0,-0.0208,2.0,-0.0208,2.0,0.0,56.0112
2022-04-13,0.0,-0.0059,1.0,-0.0059,1.0,0.0,56.4779
2022-04-14,2.0,0.0228,11.0,0.0228,11.0,2.0,56.5277
2022-04-15,1.0,-0.0203,1.0,-0.0203,1.0,1.0,
2022-04-18,1.0,0.0172,2.0,0.0172,2.0,1.0,56.2601
2022-04-19,0.0,-0.0036,5.0,-0.0036,5.0,0.0,57.1936
2022-04-20,1.0,0.0175,1.0,0.0175,1.0,1.0,56.8824
2022-04-21,1.0,-0.0031,2.0,-0.0031,2.0,1.0,57.0816
2022-04-22,0.0,-0.0013,0.0,-0.0013,0.0,0.0,55.4324
2022-04-25,1.0,0.6321,2.0,0.6321,2.0,1.0,55.9365
2022-04-26,10.0,-0.042,20.0,-0.042,20.0,10.0,50.1549
2022-04-27,5.0,-0.6773,15.0,-0.6773,15.0,5.0,48.6737
2022-04-28,1.0,-0.0207,6.0,-0.0207,6.0,1.0,48.375
2022-04-29,1.0,-0.0072,5.0,-0.0072,5.0,1.0,46.3959
2022-05-02,1.0,0.0338,1.0,0.0338,1.0,1.0,47.0182
2022-05-03,1.0,-0.0544,6.0,-0.0544,6.0,1.0,48.3314
2022-05-04,2.0,0.0126,1.0,0.0126,1.0,2.0,50.0553
2022-05-05,1.0,-0.0299,14.0,-0.0299,14.0,1.0,48.9102
2022-05-06,0.0,-0.0103,5.0,-0.0103,5.0,0.0,48.6861
2022-05-09,0.0,0.0,0.0,0.0,0.0,0.0,45.4126
2022-05-10,0.0,-0.0182,2.0,-0.0182,2.0,0.0,45.6242
2022-05-11,1.0,-0.013,3.0,-0.013,3.0,1.0,45.0828
2022-05-12,0.0,-0.0057,3.0,-0.0057,3.0,0.0,45.6055
2022-05-13,5.0,0.0215,3.0,0.0215,3.0,5.0,46.7071
2022-05-16,0.0,-0.0493,1.0,-0.0493,1.0,0.0,46.4457
2022-05-17,0.0,-0.0051,1.0,-0.0051,1.0,0.0,47.5472
2022-05-18,1.0,0.0019,1.0,0.0019,1.0,1.0,46.8004
2022-05-19,0.0,-0.0059,1.0,-0.0059,1.0,0.0,47.1365
2022-05-20,0.0,-0.002,1.0,-0.002,1.0,0.0,46.8315
2022-05-23,0.0,0.0,0.0,0.0,0.0,0.0,46.9622
2022-05-24,2.0,0.0031,0.0,0.0031,0.0,2.0,46.3772
2022-05-25,1.0,-0.0029,2.0,-0.0029,2.0,1.0,46.3835
2022-05-26,1.0,0.0248,4.0,0.0248,4.0,1.0,47.9269
2022-05-27,1.0,0.0066,4.0,0.0066,4.0,1.0,49.016
2022-05-30,0.0,0.0,1.0,0.0,1.0,0.0,
2022-05-31,0.0,-0.0107,2.0,-0.0107,2.0,0.0,48.7235
2022-06-01,0.0,-0.0287,2.0,-0.0287,2.0,0.0,48.2443
2022-06-02,3.0,-0.0212,2.0,-0.0212,2.0,3.0,48.543
2022-06-03,1.0,0.0101,4.0,0.0101,4.0,1.0,47.902
2022-06-06,1.0,0.0147,1.0,0.0147,1.0,1.0,47.9207
2022-06-07,1.0,0.0014,0.0,0.0014,0.0,1.0,48.543
2022-06-08,1.0,0.0037,0.0,0.0037,0.0,1.0,48.0202
2022-06-09,0.0,-0.0039,0.0,-0.0039,0.0,0.0,46.539
2022-06-10,0.0,-0.0038,1.0,-0.0038,1.0,0.0,44.3297
2022-06-13,0.0,0.0,0.0,0.0,0.0,0.0,42.1453
2022-06-14,1.0,-0.0121,0.0,-0.0121,0.0,1.0,42.3507
2022-06-15,0.0,-0.0014,3.0,-0.0014,3.0,0.0,43.0041
2022-06-16,1.0,0.0038,3.0,0.0038,3.0,1.0,40.633
2022-06-17,0.0,-0.0023,4.0,-0.0023,4.0,0.0,41.0748
2022-06-20,0.0,0.0,0.0,0.0,0.0,0.0,
2022-06-21,0.0,0.0,2.0,0.0,2.0,0.0,40.9193
2022-06-22,0.0,-0.0457,6.0,-0.0457,6.0,0.0,40.1662
2022-06-23,0.0,-0.0029,3.0,-0.0029,3.0,0.0,39.8737
2022-06-24,0.0,-0.0147,1.0,-0.0147,1.0,0.0,41.747
2022-06-27,0.0,0.0,0.0,0.0,0.0,0.0,41.5167
2022-06-28,4.0,0.0035,6.0,0.0035,6.0,4.0,41.0002
2022-06-29,0.0,-0.0132,3.0,-0.0132,3.0,0.0,39.6372
2022-06-30,0.0,-0.0051,2.0,-0.0051,2.0,0.0,39.6248
2022-07-01,0.0,-0.2753,2.0,-0.2753,2.0,0.0,39.5439
2022-07-04,0.0,0.0,2.0,0.0,2.0,0.0,
2022-07-05,0.0,-0.0478,0.0,-0.0478,0.0,0.0,38.6041
2022-07-06,3.0,-0.0553,3.0,-0.0553,3.0,3.0,38.3179
2022-07-07,0.0,-0.0016,1.0,-0.0016,1.0,0.0,39.2078
2022-07-08,1.0,0.0016,5.0,0.0016,5.0,1.0,39.3634
2022-07-11,0.0,0.0,0.0,0.0,0.0,0.0,38.5294
2022-07-12,0.0,-0.0155,0.0,-0.0155,0.0,0.0,39.2203
2022-07-13,1.0,-0.0303,0.0,-0.0303,0.0,1.0,38.5917
2022-07-14,0.0,-0.0261,5.0,-0.0261,5.0,0.0,38.0191
2022-07-15,0.0,-0.0151,0.0,-0.0151,0.0,0.0,39.1207
2022-07-18,0.0,-0.0027,2.0,-0.0027,2.0,0.0,39.631
2022-07-19,3.0,0.0005,2.0,0.0005,2.0,3.0,41.5354
2022-07-20,0.0,0.0,2.0,0.0,2.0,0.0,42.2511
2022-07-21,1.0,0.005,0.0,0.005,0.0,1.0,42.4004
2022-07-22,1.0,0.0039,4.0,0.0039,4.0,1.0,42.4378
2022-07-25,0.0,-0.0228,3.0,-0.0228,3.0,0.0,42.5436
2022-07-26,23.0,0.0486,18.0,0.0486,18.0,23.0,44.504
2022-07-27,44.0,0.814,55.0,0.814,55.0,44.0,44.5475
2022-07-28,5.0,0.0548,8.0,0.0548,8.0,5.0,45.5184
2022-07-29,8.0,0.2287,5.0,0.2287,5.0,8.0,45.9976
2022-08-01,0.0,-0.0822,1.0,-0.0822,1.0,0.0,47.1738
2022-08-02,4.0,0.0638,11.0,0.0638,11.0,4.0,46.2777
2022-08-03,0.0,-0.0176,5.0,-0.0176,5.0,0.0,46.5141
2022-08-04,1.0,0.0071,4.0,0.0071,4.0,1.0,45.8482
2022-08-05,1.0,-0.0047,7.0,-0.0047,7.0,1.0,46.2777
2022-08-08,1.0,0.0081,3.0,0.0081,3.0,1.0,46.788
2022-08-09,1.0,0.0088,4.0,0.0088,4.0,1.0,46.6324
2022-08-10,0.0,-0.0033,4.0,-0.0033,4.0,0.0,48.0078
2022-08-11,1.0,0.0358,8.0,0.0358,8.0,1.0,49.1031
2022-08-12,1.0,0.0135,2.0,0.0135,2.0,1.0,49.7441
2022-08-15,0.0,0.0,0.0,0.0,0.0,0.0,49.6694
2022-08-16,0.0,-0.0036,0.0,-0.0036,0.0,0.0,50.4536
2022-08-17,1.0,0.0054,3.0,0.0054,3.0,1.0,49.7379
2022-08-18,0.0,-0.0043,2.0,-0.0043,2.0,0.0,49.296
2022-08-19,0.0,-0.0506,6.0,-0.0506,6.0,0.0,48.3687
2022-08-22,1.0,0.0647,3.0,0.0647,3.0,1.0,46.539
2022-08-23,0.0,-0.0022,5.0,-0.0022,5.0,0.0,47.3605
2022-08-24,2.0,0.0299,3.0,0.0299,3.0,2.0,47.7588
2022-08-25,1.0,0.0014,1.0,0.0014,1.0,1.0,48.6301
2022-08-26,3.0,0.0256,5.0,0.0256,5.0,3.0,46.844
2022-08-29,0.0,0.0,0.0,0.0,0.0,0.0,47.3294
2022-08-30,1.0,0.0149,1.0,0.0149,1.0,1.0,46.7569
2022-08-31,0.0,-0.0146,1.0,-0.0146,1.0,0.0,45.7051
2022-09-01,0.0,-0.0067,1.0,-0.0067,1.0,0.0,45.4811
2022-09-02,0.0,-0.0371,0.0,-0.0371,0.0,0.0,45.0765
2022-09-05,0.0,0.0,1.0,0.0,1.0,0.0,
2022-09-06,0.0,0.0,2.0,0.0,2.0,0.0,44.9085
2022-09-07,0.0,-0.0176,2.0,-0.0176,2.0,0.0,45.7922
2022-09-08,1.0,0.0014,4.0,0.0014,4.0,1.0,45.9105
2022-09-09,1.0,0.0038,3.0,0.0038,3.0,1.0,46.0785
2022-09-12,0.0,-0.0042,2.0,-0.0042,2.0,0.0,46.8751
2022-09-13,2.0,-0.0098,1.0,-0.0098,1.0,2.0,44.087
2022-09-14,0.0,-0.0006,4.0,-0.0006,4.0,0.0,43.5829
2022-09-15,0.0,-0.0049,5.0,-0.0049,5.0,0.0,42.8859
2022-09-16,1.0,-0.3532,2.0,-0.3532,2.0,1.0,41.3176
2022-09-19,0.0,-0.011,2.0,-0.011,2.0,0.0,41.7283
2022-09-20,1.0,-0.0068,1.0,-0.0068,1.0,1.0,41.442
2022-09-21,0.0,-0.0043,2.0,-0.0043,2.0,0.0,40.5894
2022-09-22,0.0,-0.0042,5.0,-0.0042,5.0,0.0,40.6765
2022-09-23,0.0,-0.0312,0.0,-0.0312,0.0,0.0,40.1724
2022-09-26,0.0,0.0,1.0,0.0,1.0,0.0,40.048
2022-09-27,0.0,-0.02,0.0,-0.02,0.0,0.0,40.1227
2022-09-28,0.0,-0.0041,3.0,-0.0041,3.0,0.0,40.1164
2022-09-29,0.0,-0.003,5.0,-0.003,5.0,0.0,39.0398
2022-09-30,1.0,-0.0086,0.0,-0.0086,0.0,1.0,38.5294
2022-10-03,0.0,0.0,1.0,0.0,1.0,0.0,39.5812
2022-10-04,1.0,0.0288,0.0,0.0288,0.0,1.0,42.0333
2022-10-05,3.0,0.0629,1.0,0.0629,1.0,3.0,41.971
2022-10-06,0.0,-0.0038,2.0,-0.0038,2.0,0.0,41.2118
2022-10-07,0.0,-0.1159,1.0,-0.1159,1.0,0.0,40.1787
2022-10-10,0.0,-0.0243,0.0,-0.0243,0.0,0.0,40.4401
2022-10-11,0.0,-0.0059,3.0,-0.0059,3.0,0.0,39.8302
2022-10-12,3.0,0.0049,2.0,0.0049,2.0,3.0,40.2907
2022-10-13,1.0,0.0029,1.0,0.0029,1.0,1.0,42.2822
2022-10-14,3.0,0.0035,8.0,0.0035,8.0,3.0,42.0519
2022-10-17,0.0,-0.0015,2.0,-0.0015,2.0,0.0,42.7116
2022-10-18,2.0,0.0084,0.0,0.0084,0.0,2.0,43.9999
2022-10-19,2.0,0.0012,1.0,0.0012,1.0,2.0,43.8941
2022-10-20,1.0,-0.0061,0.0,-0.0061,0.0,1.0,43.5456
2022-10-21,0.0,-0.0033,3.0,-0.0033,3.0,0.0,45.3192
2022-10-24,0.0,0.0,1.0,0.0,1.0,0.0,45.6553
2022-10-25,12.0,-0.1474,10.0,-0.1474,10.0,12.0,45.4313
2022-10-26,17.0,-0.4132,18.0,-0.4132,18.0,17.0,46.9622
2022-10-27,7.0,0.0385,0.0,0.0385,0.0,7.0,47.2983
2022-10-28,5.0,0.1597,3.0,0.1597,3.0,5.0,48.7484
2022-10-31,0.0,-0.062,1.0,-0.062,1.0,0.0,48.4248
2022-11-01,0.0,-0.0017,2.0,-0.0017,2.0,0.0,48.6737
2022-11-02,1.0,0.0093,0.0,0.0093,0.0,1.0,48.1696
2022-11-03,1.0,-0.0067,0.0,-0.0067,0.0,1.0,48.7795
2022-11-04,2.0,0.0054,2.0,0.0054,2.0,2.0,50.4536
2022-11-07,0.0,-0.0114,0.0,-0.0114,0.0,0.0,51.941
2022-11-08,1.0,0.0045,0.0,0.0045,0.0,1.0,52.2771
2022-11-09,5.0,0.0188,0.0,0.0188,0.0,5.0,51.7481
2022-11-10,0.0,-0.0011,1.0,-0.0011,1.0,0.0,53.1359
2022-11-11,3.0,0.0268,0.0,0.0268,0.0,3.0,53.7147
2022-11-14,1.0,0.0305,1.0,0.0305,1.0,1.0,53.416
2022-11-15,1.0,-0.0037,2.0,-0.0037,2.0,1.0,54.2312
2022-11-16,1.0,0.0135,2.0,0.0135,2.0,1.0,52.8372
2022-11-17,0.0,-0.0107,2.0,-0.0107,2.0,0.0,53.1421
2022-11-18,0.0,-0.0021,0.0,-0.0021,0.0,0.0,53.1981
2022-11-21,0.0,0.0,0.0,0.0,0.0,0.0,53.4533
2022-11-22,0.0,-0.0024,0.0,-0.0024,0.0,0.0,54.3308
2022-11-23,1.0,0.0022,0.0,0.0022,0.0,1.0,54.6856
2022-11-24,2.0,0.003,1.0,0.003,1.0,2.0,
2022-11-25,1.0,0.6321,0.0,0.6321,0.0,1.0,54.8536
2022-11-28,0.0,0.0,1.0,0.0,1.0,0.0,53.1919
2022-11-29,0.0,-0.0026,0.0,-0.0026,0.0,0.0,53.3102
2022-11-30,1.0,0.0017,2.0,0.0017,2.0,1.0,53.5031
2022-12-01,4.0,-0.0025,1.0,-0.0025,1.0,4.0,53.0612
2022-12-02,0.0,-0.004,0.0,-0.004,0.0,0.0,54.0694
2022-12-05,0.0,0.0,1.0,0.0,1.0,0.0,52.6878
2022-12-06,3.0,0.0345,7.0,0.0345,7.0,3.0,53.0737
2022-12-07,6.0,0.0371,5.0,0.0371,5.0,6.0,52.8994
2022-12-08,2.0,0.0009,2.0,0.0009,2.0,2.0,52.0468
2022-12-09,4.0,0.0421,7.0,0.0421,7.0,4.0,50.6901
2022-12-12,0.0,0.0,0.0,0.0,0.0,0.0,51.7854
2022-12-13,1.0,0.0031,2.0,0.0031,2.0,1.0,51.58
2022-12-14,1.0,0.0016,1.0,0.0016,1.0,1.0,50.7025
2022-12-15,2.0,-0.0165,0.0,-0.0165,0.0,2.0,49.0471
2022-12-16,0.0,-0.0609,1.0,-0.0609,1.0,0.0,48.3252
2022-12-19,0.0,0.0,1.0,0.0,1.0,0.0,48.5803
2022-12-20,0.0,-0.0025,0.0,-0.0025,0.0,0.0,49.9931
2022-12-21,2.0,0.0212,1.0,0.0212,1.0,2.0,51.6423
2022-12-22,2.0,0.0108,1.0,0.0108,1.0,2.0,50.8892
2022-12-23,0.0,-0.0037,1.0,-0.0037,1.0,0.0,50.9017
2022-12-26,0.0,,0.0,,0.0,0.0,
2022-12-27,0.0,0.0,0.0,0.0,0.0,0.0,51.5552
2022-12-28,1.0,-0.1498,1.0,-0.1498,1.0,1.0,51.0137
2022-12-29,0.0,-0.0075,1.0,-0.0075,1.0,0.0,52.1215
2022-12-30,2.0,0.0113,2.0,0.0113,2.0,2.0,52.1464
2023-01-02,0.0,0.0,0.0,0.0,0.0,0.0,
2023-01-03,0.0,0.0,1.0,0.0,1.0,0.0,52.887
2023-01-04,7.0,0.0109,1.0,0.0109,1.0,7.0,55.9867
2023-01-05,28.0,0.1543,20.0,0.1543,20.0,28.0,56.856
2023-01-06,2.0,0.0012,1.0,0.0012,1.0,2.0,57.3744
2023-01-09,0.0,0.0,0.0,0.0,0.0,0.0,57.9566
2023-01-10,20.0,0.1583,6.0,0.1583,6.0,20.0,60.0302
2023-01-11,7.0,0.1888,3.0,0.1888,3.0,7.0,61.9602
2023-01-12,5.0,0.0483,3.0,0.0483,3.0,5.0,62.8933
2023-01-13,3.0,0.0436,2.0,0.0436,2.0,3.0,63.962
2023-01-16,0.0,0.0,0.0,0.0,0.0,0.0,
2023-01-17,0.0,0.0,1.0,0.0,1.0,0.0,64.1933
2023-01-18,1.0,0.0031,5.0,0.0031,5.0,1.0,63.2203
2023-01-19,2.0,0.0084,4.0,0.0084,4.0,2.0,61.2982
2023-01-20,0.0,-0.0022,1.0,-0.0022,1.0,0.0,61.9522
2023-01-23,1.0,0.077,0.0,0.077,0.0,1.0,63.619
2023-01-24,28.0,0.0995,17.0,0.0995,17.0,28.0,64.3607
2023-01-25,22.0,-0.2919,15.0,-0.2919,15.0,22.0,64.4325
2023-01-26,4.0,0.0292,3.0,0.0292,3.0,4.0,64.7117
2023-01-27,4.0,0.0175,3.0,0.0175,3.0,4.0,66.3785
2023-01-30,7.0,0.049,3.0,0.049,3.0,7.0,64.4644
2023-01-31,13.0,0.4527,10.0,0.4527,10.0,13.0,64.1853
2023-02-01,0.0,-0.0016,1.0,-0.0016,1.0,0.0,65.6527
2023-02-02,1.0,-0.0441,0.0,-0.0441,0.0,1.0,66.9448
2023-02-03,2.0,0.0337,1.0,0.0337,1.0,2.0,65.3656
2023-02-06,0.0,0.0,0.0,0.0,0.0,0.0,65.6767
2023-02-07,1.0,0.0061,0.0,0.0061,0.0,1.0,65.4853
2023-02-08,1.0,0.0005,0.0,0.0005,0.0,1.0,65.3656
2023-02-09,0.0,-0.0022,0.0,-0.0022,0.0,0.0,64.4325
2023-02-10,0.0,0.0,2.0,0.0,2.0,0.0,64.8313
2023-02-13,1.0,0.0047,0.0,0.0047,0.0,1.0,65.9399
2023-02-14,5.0,0.1042,2.0,0.1042,2.0,5.0,66.6257
2023-02-15,3.0,0.0075,0.0,0.0075,0.0,3.0,67.6067
2023-02-16,2.0,0.0268,3.0,0.0268,3.0,2.0,67.0325
2023-02-17,0.0,-0.0182,2.0,-0.0182,2.0,0.0,66.227
2023-02-20,1.0,0.3479,0.0,0.3479,0.0,1.0,
2023-02-21,1.0,0.0636,1.0,0.0636,1.0,1.0,65.6049
2023-02-22,1.0,-0.1227,2.0,-0.1227,2.0,1.0,66.3466
2023-02-23,3.0,0.1544,2.0,0.1544,2.0,3.0,66.1472
2023-02-24,1.0,-0.0297,2.0,-0.0297,2.0,1.0,66.6337
2023-02-27,0.0,0.0,0.0,0.0,0.0,0.0,66.865
2023-02-28,2.0,0.0343,2.0,0.0343,2.0,2.0,67.5589
2023-03-01,3.0,0.0681,2.0,0.0681,2.0,3.0,67.1043
2023-03-02,0.0,-0.06,0.0,-0.06,0.0,0.0,68.3644
2023-03-03,1.0,0.0006,1.0,0.0006,1.0,1.0,68.8907
2023-03-06,0.0,-0.0092,1.0,-0.0092,1.0,0.0,69.4331
2023-03-07,4.0,0.0126,6.0,0.0126,6.0,4.0,68.8987
2023-03-08,3.0,0.0159,8.0,0.0159,8.0,3.0,69.3692
2023-03-09,5.0,0.0053,4.0,0.0053,4.0,5.0,73.0219
2023-03-10,33.0,0.1726,51.0,0.1726,51.0,33.0,72.5753
2023-03-13,0.0,0.0,4.0,0.0,4.0,0.0,70.9563
2023-03-14,2.0,0.0081,6.0,0.0081,6.0,2.0,72.7109
2023-03-15,5.0,0.0293,3.0,0.0293,3.0,5.0,71.5864
2023-03-16,5.0,0.1125,4.0,0.1125,4.0,5.0,73.3489
2023-03-17,1.0,-0.0333,4.0,-0.0333,4.0,1.0,72.0091
2023-03-20,1.0,0.0311,0.0,0.0311,0.0,1.0,71.714
2023-03-21,0.0,-0.0586,2.0,-0.0586,2.0,0.0,73.5164
2023-03-22,1.0,0.0081,0.0,0.0081,0.0,1.0,71.4508
2023-03-23,1.0,-0.0455,1.0,-0.0455,1.0,1.0,73.0459
2023-03-24,4.0,0.1352,1.0,0.1352,1.0,4.0,72.8704
2023-03-27,0.0,0.0,1.0,0.0,1.0,0.0,74.4176
2023-03-28,12.0,0.3471,2.0,0.3471,2.0,12.0,74.282
2023-03-29,0.0,-0.0076,3.0,-0.0076,3.0,0.0,75.0158
2023-03-30,1.0,0.0006,6.0,0.0006,6.0,1.0,75.0078
2023-03-31,1.0,-0.0033,2.0,-0.0033,2.0,1.0,76.244
2023-04-03,0.0,-0.0616,1.0,-0.0616,1.0,0.0,77.2967
2023-04-04,1.0,0.0093,4.0,0.0093,4.0,1.0,75.8053
2023-04-05,0.0,-0.0505,3.0,-0.0505,3.0,0.0,75.1673
2023-04-06,1.0,-0.007,2.0,-0.007,2.0,1.0,74.6489
2023-04-07,1.0,-0.0098,2.0,-0.0098,2.0,1.0,
2023-04-10,0.0,0.0,1.0,0.0,1.0,0.0,75.255
2023-04-11,4.0,0.2065,0.0,0.2065,0.0,4.0,74.8961
2023-04-12,4.0,0.2974,3.0,0.2974,3.0,4.0,75.0477
2023-04-13,1.0,-0.0215,1.0,-0.0215,1.0,1.0,75.2072
2023-04-14,5.0,0.0546,4.0,0.0546,4.0,5.0,76.1164
2023-04-17,0.0,0.0,0.0,0.0,0.0,0.0,77.1771
2023-04-18,1.0,0.0053,2.0,0.0053,2.0,1.0,78.5329
2023-04-19,3.0,0.0106,4.0,0.0106,4.0,3.0,78.9795
2023-04-20,6.0,0.0147,4.0,0.0147,4.0,6.0,79.5617
2023-04-21,9.0,0.1927,8.0,0.1927,8.0,9.0,79.3623
2023-04-24,0.0,0.0,1.0,0.0,1.0,0.0,79.8727
2023-04-25,51.0,0.1749,27.0,0.1749,27.0,51.0,78.5089
2023-04-26,37.0,0.3382,34.0,0.3382,34.0,37.0,76.7305
2023-04-27,0.0,-0.0025,6.0,-0.0025,6.0,0.0,78.2059
2023-04-28,0.0,-0.0094,0.0,-0.0094,0.0,0.0,78.9316
2023-05-01,0.0,0.0,1.0,0.0,1.0,0.0,80.6942
2023-05-02,3.0,0.299,1.0,0.299,1.0,3.0,80.9574
2023-05-03,0.0,-0.0218,4.0,-0.0218,4.0,0.0,81.1647
2023-05-04,1.0,-0.0783,0.0,-0.0783,0.0,1.0,79.2108
2023-05-05,2.0,0.0218,1.0,0.0218,1.0,2.0,79.9445
2023-05-08,0.0,0.0,0.0,0.0,0.0,0.0,80.4868
2023-05-09,1.0,0.0122,1.0,0.0122,1.0,1.0,80.5506
2023-05-10,0.0,-0.0004,0.0,-0.0004,0.0,0.0,79.3862
2023-05-11,0.0,-0.0071,1.0,-0.0071,1.0,0.0,79.3623
2023-05-12,0.0,-0.0183,0.0,-0.0183,0.0,0.0,78.7961
2023-05-15,1.0,0.035,0.0,0.035,0.0,1.0,81.3482
2023-05-16,1.0,0.0188,1.0,0.0188,1.0,1.0,80.6543
2023-05-17,1.0,-0.0046,3.0,-0.0046,3.0,1.0,82.5205
2023-05-18,3.0,0.0621,3.0,0.0621,3.0,3.0,82.9512
2023-05-19,1.0,-0.0017,0.0,-0.0017,0.0,1.0,83.1506
2023-05-22,0.0,0.0,0.0,0.0,0.0,0.0,83.3819
2023-05-23,1.0,-0.0088,6.0,-0.0088,6.0,1.0,81.1089
2023-05-24,0.0,-0.0025,3.0,-0.0025,3.0,0.0,80.5347
2023-05-25,0.0,-0.0073,0.0,-0.0073,0.0,0.0,80.9653
2023-05-26,1.0,0.003,0.0,0.003,0.0,1.0,81.9383
2023-05-29,0.0,0.0,1.0,0.0,1.0,0.0,
2023-05-30,0.0,0.0,1.0,0.0,1.0,0.0,81.6672
2023-05-31,1.0,-0.0018,2.0,-0.0018,2.0,1.0,80.9733
2023-06-01,1.0,-0.0009,1.0,-0.0009,1.0,1.0,83.4776
2023-06-02,2.0,0.0236,1.0,0.0236,1.0,2.0,84.3788
2023-06-05,0.0,0.0,0.0,0.0,0.0,0.0,83.023
2023-06-06,0.0,-0.11,2.0,-0.11,2.0,0.0,84.1076
2023-06-07,3.0,0.0075,3.0,0.0075,3.0,3.0,84.6021
2023-06-08,4.0,0.0357,1.0,0.0357,1.0,4.0,84.5941
2023-06-09,0.0,-0.0055,1.0,-0.0055,1.0,0.0,84.7775
2023-06-12,1.0,0.0089,0.0,0.0089,0.0,1.0,84.7217
2023-06-13,0.0,-0.0046,0.0,-0.0046,0.0,0.0,85.1285
2023-06-14,1.0,0.0052,1.0,0.0052,1.0,1.0,83.5015
2023-06-15,1.0,-0.0028,0.0,-0.0028,0.0,1.0,84.0677
2023-06-16,1.0,0.0054,0.0,0.0054,0.0,1.0,84.7696
2023-06-19,0.0,0.0,0.0,0.0,0.0,0.0,
2023-06-20,0.0,0.0,2.0,0.0,2.0,0.0,82.9592
2023-06-21,1.0,-0.003,3.0,-0.003,3.0,1.0,83.7806
2023-06-22,1.0,0.0001,0.0,0.0001,0.0,1.0,83.5972
2023-06-23,3.0,0.0019,0.0,0.0019,0.0,3.0,82.7678
2023-06-26,0.0,0.0,0.0,0.0,0.0,0.0,83.3021
2023-06-27,0.0,-0.0036,1.0,-0.0036,1.0,0.0,83.677
2023-06-28,2.0,0.0296,0.0,0.0296,0.0,2.0,85.3757
2023-06-29,1.0,0.0034,0.0,0.0034,0.0,1.0,85.926
2023-06-30,4.0,0.1563,1.0,0.1563,1.0,4.0,87.6088
2023-07-03,4.0,0.3527,1.0,0.3527,1.0,4.0,86.3567
2023-07-04,1.0,0.0143,1.0,0.0143,1.0,1.0,
2023-07-05,1.0,0.0059,0.0,0.0059,0.0,1.0,86.6517
2023-07-06,1.0,0.0017,2.0,0.0017,2.0,1.0,85.6309
2023-07-07,3.0,0.0456,2.0,0.0456,2.0,3.0,86.3487
2023-07-10,1.0,0.0845,0.0,0.0845,0.0,1.0,88.1511
2023-07-11,3.0,0.051,1.0,0.051,1.0,3.0,88.7014
2023-07-12,2.0,0.2183,0.0,0.2183,0.0,2.0,88.6854
2023-07-13,3.0,0.0933,1.0,0.0933,1.0,3.0,88.7493
2023-07-14,2.0,0.2236,3.0,0.2236,3.0,2.0,87.9517
2023-07-17,0.0,0.0,0.0,0.0,0.0,0.0,88.6376
2023-07-18,1.0,0.0216,1.0,0.0216,1.0,1.0,88.5738
2023-07-19,0.0,-0.0262,0.0,-0.0262,0.0,0.0,87.6407
2023-07-20,1.0,-0.0264,0.0,-0.0264,0.0,1.0,88.7173
2023-07-21,1.0,0.0843,2.0,0.0843,2.0,1.0,87.9916
2023-07-24,3.0,0.2419,2.0,0.2419,2.0,3.0,87.9278
2023-07-25,43.0,0.2368,43.0,0.2368,43.0,43.0,93.4387
2023-07-26,45.0,0.8091,47.0,0.8091,47.0,45.0,91.4928
2023-07-27,9.0,0.1201,4.0,0.1201,4.0,9.0,92.051
2023-07-28,1.0,0.0134,0.0,0.0134,0.0,1.0,91.2296
2023-07-31,0.0,-0.26,2.0,-0.26,2.0,0.0,91.1099
2023-08-01,1.0,-0.0258,2.0,-0.0258,2.0,1.0,90.2965
2023-08-02,1.0,-0.0157,1.0,-0.0157,1.0,1.0,89.2995
2023-08-03,0.0,-0.1591,0.0,-0.1591,0.0,0.0,89.6106
2023-08-04,0.0,-0.0075,1.0,-0.0075,1.0,0.0,90.1689
2023-08-07,0.0,0.0,1.0,0.0,1.0,0.0,91.5007
2023-08-08,1.0,0.0058,3.0,0.0058,3.0,1.0,90.5596
2023-08-09,2.0,0.0601,3.0,0.0601,3.0,2.0,89.4591
2023-08-10,0.0,-0.0259,1.0,-0.0259,1.0,0.0,90.5756
2023-08-11,6.0,0.4747,2.0,0.4747,2.0,6.0,91.397
2023-08-14,0.0,0.0,3.0,0.0,3.0,0.0,92.1547
2023-08-15,3.0,0.0296,2.0,0.0296,2.0,3.0,90.7989
2023-08-16,0.0,-0.0127,0.0,-0.0127,0.0,0.0,90.5756
2023-08-17,2.0,-0.1373,0.0,-0.1373,0.0,2.0,88.494
2023-08-18,0.0,-0.1586,1.0,-0.1586,1.0,0.0,89.156
2023-08-21,0.0,,1.0,,1.0,0.0,89.3394
2023-08-22,1.0,0.0104,0.0,0.0104,0.0,1.0,89.0523
2023-08-23,1.0,0.0095,0.0,0.0095,0.0,1.0,90.4958
2023-08-24,1.0,-0.1665,1.0,-0.1665,1.0,1.0,88.5578
2023-08-25,1.0,-0.0016,1.0,-0.0016,1.0,1.0,89.2995
2023-08-28,0.0,0.0,0.0,0.0,0.0,0.0,90.8866
2023-08-29,1.0,0.0525,0.0,0.0525,0.0,1.0,91.9792
2023-08-30,1.0,0.0035,1.0,0.0035,1.0,1.0,91.1658
2023-08-31,0.0,-0.0159,0.0,-0.0159,0.0,0.0,91.2854
2023-09-01,0.0,-0.124,0.0,-0.124,0.0,0.0,91.1099
2023-09-04,0.0,0.0,0.0,0.0,0.0,0.0,
2023-09-05,0.0,0.0,0.0,0.0,0.0,0.0,90.0253
2023-09-06,1.0,-0.1088,0.0,-0.1088,0.0,1.0,89.8658
2023-09-07,1.0,-0.0057,2.0,-0.0057,2.0,1.0,89.156
2023-09-08,0.0,-0.0007,0.0,-0.0007,0.0,0.0,89.1002
2023-09-11,0.0,0.0,0.0,0.0,0.0,0.0,91.1259
2023-09-12,2.0,0.0245,0.0,0.0245,0.0,2.0,91.7161
2023-09-13,0.0,-0.0056,1.0,-0.0056,1.0,0.0,90.5995
2023-09-14,0.0,-0.0083,0.0,-0.0083,0.0,0.0,92.2345
2023-09-15,8.0,0.4256,5.0,0.4256,5.0,8.0,92.1069
2023-09-18,0.0,0.0,0.0,0.0,0.0,0.0,92.9682
2023-09-19,1.0,0.0049,0.0,0.0049,0.0,1.0,92.6811
2023-09-20,0.0,-0.0747,2.0,-0.0747,2.0,0.0,91.5964
2023-09-21,0.0,-0.0079,1.0,-0.0079,1.0,0.0,90.113
2023-09-22,2.0,-0.0917,1.0,-0.0917,1.0,2.0,88.7253
2023-09-25,1.0,0.1068,0.0,0.1068,0.0,1.0,89.1002
2023-09-26,1.0,0.0117,0.0,0.0117,0.0,1.0,87.6726
2023-09-27,0.0,-0.0083,0.0,-0.0083,0.0,0.0,88.4382
2023-09-28,3.0,0.1372,3.0,0.1372,3.0,3.0,89.5946
2023-09-29,3.0,-0.1706,2.0,-0.1706,2.0,3.0,88.1671
2023-10-02,0.0,0.0,1.0,0.0,1.0,0.0,86.7634
2023-10-03,0.0,-0.037,0.0,-0.037,0.0,0.0,85.9419
2023-10-04,0.0,-0.0286,0.0,-0.0286,0.0,0.0,86.8112
2023-10-05,1.0,-0.0531,0.0,-0.0531,0.0,1.0,86.7076
2023-10-06,0.0,-0.1302,0.0,-0.1302,0.0,0.0,88.9008
2023-10-09,0.0,0.0,0.0,0.0,0.0,0.0,87.9358
2023-10-10,0.0,-0.0045,0.0,-0.0045,0.0,0.0,88.9088
2023-10-11,1.0,-0.0679,0.0,-0.0679,0.0,1.0,90.3284
2023-10-12,1.0,0.0064,0.0,0.0064,0.0,1.0,88.7891
2023-10-13,0.0,-0.012,0.0,-0.012,0.0,0.0,87.2339
2023-10-16,0.0,0.0,0.0,0.0,0.0,0.0,87.0425
2023-10-17,2.0,0.0243,2.0,0.0243,2.0,2.0,87.7444
2023-10-18,1.0,-0.0134,1.0,-0.0134,1.0,1.0,85.7904
2023-10-19,0.0,-0.0072,0.0,-0.0072,0.0,0.0,85.2959
2023-10-20,0.0,-0.0057,1.0,-0.0057,1.0,0.0,84.6021
2023-10-23,0.0,0.0,1.0,0.0,1.0,0.0,85.0886
2023-10-24,47.0,0.2758,36.0,0.2758,36.0,47.0,90.6155
2023-10-25,55.0,0.562,47.0,0.562,47.0,55.0,88.6854
2023-10-26,2.0,-0.0249,1.0,-0.0249,1.0,2.0,86.7714
2023-10-27,0.0,-0.0865,0.0,-0.0865,0.0,0.0,84.8174
2023-10-30,1.0,0.1212,0.0,0.1212,0.0,1.0,87.5769
2023-10-31,4.0,0.0187,1.0,0.0187,1.0,4.0,86.6358
2023-11-01,1.0,-0.1132,1.0,-0.1132,1.0,1.0,85.5352
2023-11-02,0.0,-0.1802,0.0,-0.1802,0.0,0.0,85.9579
2023-11-03,1.0,0.0089,0.0,0.0089,0.0,1.0,86.8671
2023-11-06,0.0,0.0,0.0,0.0,0.0,0.0,89.148
2023-11-07,1.0,-0.203,1.0,-0.203,1.0,1.0,89.164
2023-11-08,2.0,-0.3154,1.0,-0.3154,1.0,2.0,90.7989
2023-11-09,1.0,0.0345,1.0,0.0345,1.0,1.0,90.1928
2023-11-10,0.0,-0.0083,1.0,-0.0083,1.0,0.0,91.9314
2023-11-13,0.0,0.0,0.0,0.0,0.0,0.0,92.1308
2023-11-14,2.0,0.0029,0.0,0.0029,0.0,2.0,93.5105
2023-11-15,2.0,0.0106,1.0,0.0106,1.0,2.0,92.7529
2023-11-16,0.0,-0.0018,0.0,-0.0018,0.0,0.0,94.8583
2023-11-17,6.0,0.0765,0.0,0.0765,0.0,6.0,95.6479
2023-11-20,0.0,0.0,0.0,0.0,0.0,0.0,95.7595
2023-11-21,1.0,0.0101,0.0,0.0101,0.0,1.0,95.616
2023-11-22,1.0,-0.0205,0.0,-0.0205,0.0,1.0,95.3847
2023-11-23,0.0,-0.0115,0.0,-0.0115,0.0,0.0,
2023-11-24,0.0,0.0,0.0,0.0,0.0,0.0,95.6798
2023-11-27,0.0,-0.4224,0.0,-0.4224,0.0,0.0,95.6798
2023-11-28,0.0,-0.2258,0.0,-0.2258,0.0,0.0,94.7866
2023-11-29,0.0,-0.0917,0.0,-0.0917,0.0,0.0,94.7945
2023-11-30,2.0,0.0484,0.0,0.0484,0.0,2.0,97.1393
2023-12-01,1.0,0.0015,1.0,0.0015,1.0,1.0,97.6975
2023-12-04,0.0,0.0,0.0,0.0,0.0,0.0,96.9239
2023-12-05,1.0,-0.0634,0.0,-0.0634,0.0,1.0,95.8872
2023-12-06,0.0,-0.0143,0.0,-0.0143,0.0,0.0,95.5522
2023-12-07,0.0,-0.005,2.0,-0.005,2.0,0.0,95.289
2023-12-08,1.0,-0.3693,0.0,-0.3693,0.0,1.0,96.1743
2023-12-11,0.0,0.0,0.0,0.0,0.0,0.0,95.927
2023-12-12,3.0,0.019,2.0,0.019,2.0,3.0,97.554
2023-12-13,2.0,0.0642,1.0,0.0642,1.0,2.0,96.6448
2023-12-14,0.0,-0.0081,1.0,-0.0081,1.0,0.0,96.7804
2023-12-15,4.0,0.0732,1.0,0.0732,1.0,4.0,98.2797
2023-12-18,1.0,-0.1802,0.0,-0.1802,0.0,1.0,98.6067
2023-12-19,2.0,0.0647,1.0,0.0647,1.0,2.0,100.4411
2023-12-20,2.0,0.1313,0.0,0.1313,0.0,2.0,98.3914
2023-12-21,1.0,-0.1273,2.0,-0.1273,2.0,1.0,101.2625
2023-12-22,4.0,0.2803,0.0,0.2803,0.0,4.0,101.0392
2023-12-25,0.0,,0.0,,0.0,0.0,
2023-12-26,0.0,,0.0,,0.0,0.0,101.6613
2023-12-27,1.0,0.1068,0.0,0.1068,0.0,1.0,102.2435
2023-12-28,1.0,0.02,0.0,0.02,0.0,1.0,102.3392
2023-12-29,1.0,0.0485,0.0,0.0485,0.0,1.0,101.7889
2024-01-01,0.0,,0.0,,0.0,0.0,
2024-01-02,0.0,,0.0,,0.0,0.0,100.449
2024-01-03,0.0,-0.2039,0.0,-0.2039,0.0,0.0,98.9417
2024-01-04,0.0,-0.0147,0.0,-0.0147,0.0,0.0,99.4202
2024-01-05,1.0,0.0104,0.0,0.0104,0.0,1.0,100.7202
2024-01-08,0.0,0.0,0.0,0.0,0.0,0.0,102.3073
2024-01-09,1.0,0.0021,0.0,0.0021,0.0,1.0,102.706
2024-01-10,0.0,-0.0003,0.0,-0.0003,0.0,0.0,103.4398
2024-01-11,1.0,0.0057,2.0,0.0057,2.0,1.0,103.5434
2024-01-12,1.0,-0.0116,0.0,-0.0116,0.0,1.0,103.5116
2024-01-15,0.0,0.0,0.0,0.0,0.0,0.0,
2024-01-16,0.0,0.0,1.0,0.0,1.0,0.0,102.06
2024-01-17,0.0,-0.0549,0.0,-0.0549,0.0,0.0,101.1907
2024-01-18,0.0,-0.0372,0.0,-0.0372,0.0,0.0,102.5226
2024-01-19,1.0,0.0089,0.0,0.0089,0.0,1.0,103.5275
2024-01-22,1.0,0.0411,0.0,0.0411,0.0,1.0,104.66
2024-01-23,20.0,-0.1158,28.0,-0.1158,28.0,20.0,103.6392
2024-01-24,10.0,-0.3261,11.0,-0.3261,11.0,10.0,103.6232
2024-01-25,3.0,0.0225,3.0,0.0225,3.0,3.0,103.6232
2024-01-26,1.0,0.0056,0.0,0.0056,0.0,1.0,104.6281
2024-01-29,0.0,0.0,0.0,0.0,0.0,0.0,104.5563
2024-01-30,0.0,-0.0047,0.0,-0.0047,0.0,0.0,106.8133
2024-01-31,1.0,0.0066,1.0,0.0066,1.0,1.0,105.6091
2024-02-01,0.0,-0.0121,0.0,-0.0121,0.0,0.0,107.9937
2024-02-02,3.0,0.0701,2.0,0.0701,2.0,3.0,108.8949
2024-02-05,0.0,0.0,1.0,0.0,1.0,0.0,109.828
2024-02-06,7.0,0.1455,3.0,0.1455,3.0,7.0,109.7243
2024-02-07,6.0,0.4317,0.0,0.4317,0.0,6.0,110.458
2024-02-08,2.0,0.051,0.0,0.051,0.0,2.0,110.8967
2024-02-09,1.0,0.0942,0.0,0.0942,0.0,1.0,111.0801
2024-02-12,1.0,0.0499,0.0,0.0499,0.0,1.0,111.7899
2024-02-13,3.0,0.109,2.0,0.109,2.0,3.0,113.066
2024-02-14,1.0,0.0169,4.0,0.0169,4.0,1.0,116.8383
2024-02-15,2.0,0.0291,3.0,0.0291,3.0,2.0,118.3297
2024-02-16,1.0,0.0011,0.0,0.0011,0.0,1.0,118.9597
2024-02-19,0.0,0.0,4.0,0.0,4.0,0.0,
2024-02-20,0.0,0.0,2.0,0.0,2.0,0.0,118.5291
2024-02-21,0.0,-0.098,0.0,-0.098,0.0,0.0,118.8879
2024-02-22,1.0,0.0347,0.0,0.0347,0.0,1.0,120.9615
2024-02-23,2.0,0.0963,1.0,0.0963,1.0,2.0,122.2854
2024-02-26,0.0,0.0,2.0,0.0,2.0,0.0,123.4339
2024-02-27,1.0,0.0065,1.0,0.0065,1.0,1.0,122.8118
2024-02-28,0.0,-0.0156,0.0,-0.0156,0.0,0.0,124.1038
2024-02-29,2.0,0.0065,2.0,0.0065,2.0,2.0,125.1246
2024-03-01,2.0,0.0036,3.0,0.0036,3.0,2.0,126.5283
2024-03-04,1.0,0.011,0.0,0.011,0.0,1.0,128.4105
2024-03-05,2.0,0.0708,4.0,0.0708,4.0,2.0,125.8982
2024-03-06,3.0,0.0017,1.0,0.0017,1.0,3.0,127.2062
2024-03-07,21.0,0.1365,5.0,0.1365,5.0,21.0,132.7889
2024-03-08,14.0,0.3952,13.0,0.3952,13.0,14.0,133.9533
2024-03-11,2.0,0.0136,3.0,0.0136,3.0,2.0,132.8368
2024-03-12,4.0,0.0071,3.0,0.0071,3.0,4.0,133.5545
2024-03-13,1.0,0.002,0.0,0.002,0.0,1.0,135.7079
2024-03-14,1.0,-0.0028,1.0,-0.0028,1.0,1.0,132.9883
2024-03-15,0.0,-0.0373,0.0,-0.0373,0.0,0.0,134.695
2024-03-18,2.0,0.1052,0.0,0.1052,0.0,2.0,135.5085
2024-03-19,3.0,0.0824,3.0,0.0824,3.0,3.0,138.3397
2024-03-20,2.0,0.0703,0.0,0.0703,0.0,2.0,138.7146
2024-03-21,1.0,-0.0441,0.0,-0.0441,0.0,1.0,140.8759
2024-03-22,1.0,0.0397,2.0,0.0397,2.0,1.0,139.6876
2024-03-25,0.0,0.0,0.0,0.0,0.0,0.0,138.3636
2024-03-26,1.0,-0.0068,0.0,-0.0068,0.0,1.0,138.4115
2024-03-27,0.0,-0.019,2.0,-0.019,2.0,0.0,143.6513
2024-03-28,5.0,0.0163,5.0,0.0163,5.0,5.0,139.9906
2024-03-29,0.0,-0.0473,0.0,-0.0473,0.0,0.0,
